-0.775,-0.954166667,0,0.6,0.671875,-0.933333333,-0.806651354,-0.510506807,-1,-1
-0.775,-0.9625,-0.00625,0.5875,0.66875,-0.9375,-0.804628372,-0.542292899,-1,-1
-0.790625,-0.979166667,-0.028125,0.579166667,0.653125,-0.945833333,-0.80101196,-0.570180059,-1,-1
-0.7875,-0.975,-0.01875,0.5875,0.65625,-0.941666667,-0.806921466,-0.578524356,-1,-1
-0.759375,-0.979166667,-0.009375,0.583333333,0.684375,-0.920833333,-0.794504023,-0.585564931,-1,-1
0.00625,0.525,-1,-1,0.6875,-0.983333333,-0.79706556,-0.578870872,-1,-1
-0.01875,0.495833333,-1,-1,-1,-1,-0.793296432,-0.580556601,-1,-1
-0.003125,0.520833333,-1,-1,0.68125,-0.9875,-0.788170417,-0.588277124,-1,-0.333333333
0.009375,0.5,-1,-1,-1,-1,-0.7461562,-0.575151627,-1,-0.333333333
0.009375,0.4875,-1,-1,-1,-1,-0.747700564,-0.589240491,-1,-0.333333333
0.040625,0.520833333,-1,-1,0.715625,-0.991666667,-0.750121911,-0.583573801,-1,-0.333333333
0.028125,0.5,-1,-1,-1,-1,-0.751032559,-0.59024743,-1,-0.333333333
0.053125,0.508333333,-1,-1,-1,-1,-0.751864847,-0.602934096,-1,-0.333333333
0.034375,0.533333333,-1,-1,0.703125,-0.983333333,-0.752137407,-0.597490438,-1,-0.333333333
0.03125,0.529166667,-1,-1,0.696875,-0.983333333,-0.752635209,-0.591581557,-1,0.333333333
0.0375,0.525,-1,-1,0.70625,-0.9875,-0.721481991,-0.584033768,-1,0.333333333
-0.734375,-0.991666667,0.034375,0.5375,0.703125,-0.979166667,-0.710960261,-0.568176722,-1,0.333333333
0.03125,0.529166667,-1,-1,0.703125,-0.983333333,-0.714216169,-0.573686416,-1,0.333333333
-0.7375,-0.983333333,0.03125,0.558333333,0.703125,-0.958333333,-0.716542085,-0.583274304,-1,0.333333333
-0.7375,-0.970833333,0.028125,0.583333333,0.703125,-0.933333333,-0.79200538,-0.90007433,-1,1
-0.7375,-0.9625,0.03125,0.591666667,0.703125,-0.929166667,-0.804471938,-0.882364866,-1,1
-0.7375,-0.958333333,0.034375,0.591666667,0.703125,-0.929166667,-0.699311892,-0.580597659,-0.5,-1
-0.734375,-0.95,0.040625,0.6,0.709375,-0.925,-0.809145371,-0.46835248,-0.5,-1
-0.73125,-0.95,0.040625,0.604166667,0.709375,-0.920833333,-0.811174536,-0.478954852,-0.5,-1
-0.7375,-0.933333333,0.0375,0.620833333,0.70625,-0.904166667,-0.826523383,-0.491862205,-0.5,-1
-0.73125,-0.925,0.046875,0.633333333,0.7125,-0.895833333,-0.817851496,-0.490140223,-0.5,-1
-0.728125,-0.920833333,0.046875,0.633333333,0.715625,-0.891666667,-0.811084922,-0.492133416,-0.5,-1
-0.728125,-0.920833333,0.05,0.6375,0.71875,-0.891666667,-0.807077773,-0.477441293,-0.5,-0.333333333
-0.728125,-0.9125,0.05,0.641666667,0.71875,-0.8875,-0.772568385,-0.481144206,-0.5,-0.333333333
-0.725,-0.9125,0.053125,0.641666667,0.721875,-0.883333333,-0.75170571,-0.469238281,-0.5,-0.333333333
-0.725,-0.9125,0.05,0.641666667,0.721875,-0.883333333,-0.755232827,-0.471315963,-0.5,-0.333333333
-0.725,-0.904166667,0.053125,0.654166667,0.721875,-0.875,-0.760609277,-0.481436892,-0.5,-0.333333333
-0.721875,-0.9,0.053125,0.658333333,0.725,-0.866666667,-0.76117719,-0.476525201,-0.5,-0.333333333
-0.725,-0.9,0.05,0.658333333,0.721875,-0.866666667,-0.756009499,-0.474911047,-0.5,-0.333333333
-0.725,-0.9,0.05,0.658333333,0.721875,-0.866666667,-0.762670501,-0.476735942,-0.5,-0.333333333
-0.725,-0.895833333,0.05,0.6625,0.721875,-0.8625,-0.762979841,-0.473591444,-0.5,0.333333333
-0.721875,-0.891666667,0.053125,0.666666667,0.725,-0.858333333,-0.716623974,-0.469530628,-0.5,0.333333333
-0.721875,-0.891666667,0.053125,0.670833333,0.725,-0.854166667,-0.720349121,-0.47006802,-0.5,0.333333333
-0.721875,-0.8875,0.05625,0.670833333,0.728125,-0.854166667,-0.720064608,-0.471758185,-0.5,0.333333333
-0.721875,-0.8875,0.05625,0.670833333,0.728125,-0.854166667,-0.719956334,-0.47282664,-0.5,0.333333333
-0.71875,-0.8875,0.05625,0.670833333,0.728125,-0.854166667,-0.720215289,-0.473999249,-0.5,0.333333333
-0.721875,-0.8875,0.05625,0.670833333,0.728125,-0.854166667,-0.720382309,-0.473866894,-0.5,0.333333333
-0.721875,-0.8875,0.053125,0.675,0.725,-0.854166667,-0.720155366,-0.473232241,-0.5,0.333333333
-0.721875,-0.883333333,0.053125,0.675,0.725,-0.85,-0.689115493,-0.468807531,-0.5,1
-0.721875,-0.879166667,0.053125,0.679166667,0.725,-0.845833333,-0.687006187,-0.472313492,-0.5,1
-0.721875,-0.866666667,0.053125,0.691666667,0.725,-0.833333333,-0.689336459,-0.468579893,-0.5,1
-0.721875,-0.870833333,0.053125,0.691666667,0.728125,-0.833333333,-0.696927961,-0.480229583,-0.5,1
-0.721875,-0.870833333,0.053125,0.691666667,0.725,-0.833333333,-0.692129199,-0.473402574,-0.5,1
-0.721875,-0.875,0.053125,0.6875,0.725,-0.8375,-0.691601563,-0.473895772,-0.5,1
-0.721875,-0.875,0.053125,0.6875,0.725,-0.8375,-0.699345144,-0.470550255,0,-1
-0.725,-0.879166667,0.05,0.683333333,0.725,-0.8375,-0.807883422,-0.36773936,0,-1
-0.725,-0.875,0.046875,0.6875,0.721875,-0.8375,-0.80779508,-0.368820869,0,-1
-0.725,-0.879166667,0.04375,0.683333333,0.721875,-0.8375,-0.808129501,-0.364630805,0,-1
-0.725,-0.879166667,0.046875,0.683333333,0.721875,-0.8375,-0.811150058,-0.361463024,0,-1
-0.725,-0.883333333,0.046875,0.679166667,0.721875,-0.841666667,-0.8086929,-0.369727806,0,-1
-0.725,-0.883333333,0.046875,0.679166667,0.721875,-0.841666667,-0.808387947,-0.371651883,0,-1
-0.725,-0.883333333,0.046875,0.679166667,0.721875,-0.841666667,-0.805858866,-0.363616096,0,-1
-0.725,-0.879166667,0.046875,0.683333333,0.721875,-0.841666667,-0.765640259,-0.353363489,0,-0.333333333
-0.725,-0.875,0.046875,0.691666667,0.721875,-0.833333333,-0.765744925,-0.355422069,0,-0.333333333
-0.725,-0.866666667,0.046875,0.695833333,0.721875,-0.829166667,-0.764623038,-0.362831963,0,-0.333333333
-0.725,-0.870833333,0.046875,0.691666667,0.721875,-0.829166667,-0.765399567,-0.363673401,0,-0.333333333
-0.725,-0.866666667,0.046875,0.691666667,0.721875,-0.829166667,-0.765047582,-0.363205465,0,-0.333333333
-0.73125,-0.866666667,0.040625,0.7,0.71875,-0.825,-0.765214761,-0.363770662,0,-0.333333333
-0.725,-0.8625,0.046875,0.7,0.721875,-0.820833333,-0.765183894,-0.36640365,0,-0.333333333
-0.721875,-0.8625,0.05,0.7,0.725,-0.820833333,-0.724677912,-0.366443267,0,-0.333333333
-0.721875,-0.8625,0.053125,0.704166667,0.728125,-0.820833333,-0.724385198,-0.371083238,0,0.333333333
-0.715625,-0.858333333,0.059375,0.704166667,0.73125,-0.820833333,-0.723921013,-0.371350719,0,0.333333333
-0.715625,-0.858333333,0.059375,0.704166667,0.73125,-0.820833333,-0.724116548,-0.371319524,0,0.333333333
-0.715625,-0.854166667,0.0625,0.704166667,0.734375,-0.820833333,-0.724485683,-0.368680601,0,0.333333333
-0.7125,-0.858333333,0.0625,0.7,0.734375,-0.825,-0.724265798,-0.369935495,0,0.333333333
-0.7125,-0.8625,0.065625,0.695833333,0.7375,-0.825,-0.724101384,-0.36961037,0,0.333333333
-0.7125,-0.858333333,0.065625,0.7,0.7375,-0.825,-0.724516582,-0.371150716,0,0.333333333
-0.7125,-0.858333333,0.065625,0.7,0.7375,-0.825,-0.724267832,-0.371248542,0,0.333333333
-0.7125,-0.858333333,0.065625,0.704166667,0.7375,-0.825,-0.693276151,-0.370820448,0,1
-0.7125,-0.854166667,0.0625,0.704166667,0.7375,-0.820833333,-0.695630678,-0.373581893,0,1
-0.7125,-0.85,0.0625,0.7125,0.734375,-0.8125,-0.691574637,-0.368898123,0,1
-0.715625,-0.845833333,0.059375,0.716666667,0.734375,-0.808333333,-0.691031647,-0.369805569,0,1
-0.715625,-0.845833333,0.059375,0.716666667,0.734375,-0.808333333,-0.691660913,-0.369584373,0,1
-0.715625,-0.85,0.059375,0.7125,0.734375,-0.8125,-0.69194711,-0.369303046,0,1
-0.715625,-0.845833333,0.059375,0.7125,0.734375,-0.808333333,-0.690931479,-0.368317555,0,1
-0.715625,-0.854166667,0.05625,0.708333333,0.73125,-0.8125,-0.691006279,-0.369426756,0.5,-1
-0.71875,-0.854166667,0.05625,0.708333333,0.73125,-0.8125,-0.813763046,-0.260819216,0.5,-1
-0.71875,-0.854166667,0.05625,0.708333333,0.73125,-0.8125,-0.811552604,-0.25573058,0.5,-1
-0.715625,-0.85,0.059375,0.7125,0.734375,-0.8125,-0.816589912,-0.253550494,0.5,-1
-0.715625,-0.85,0.059375,0.7125,0.734375,-0.8125,-0.813395723,-0.255218901,0.5,-1
-0.715625,-0.85,0.059375,0.7125,0.734375,-0.808333333,-0.810615253,-0.252722168,0.5,-1
-0.715625,-0.841666667,0.059375,0.720833333,0.734375,-0.804166667,-0.810186497,-0.253072385,0.5,-0.333333333
-0.715625,-0.841666667,0.059375,0.720833333,0.734375,-0.8,-0.773021507,-0.249835431,0.5,-0.333333333
-0.715625,-0.8375,0.059375,0.725,0.734375,-0.8,-0.775673437,-0.254899767,0.5,-0.333333333
-0.715625,-0.841666667,0.05625,0.720833333,0.734375,-0.8,-0.771413326,-0.252143351,0.5,-0.333333333
-0.7125,-0.841666667,0.0625,0.720833333,0.7375,-0.804166667,-0.771617556,-0.251965897,0.5,-0.333333333
-0.7125,-0.8375,0.059375,0.725,0.7375,-0.8,-0.775189495,-0.252495603,0.5,-0.333333333
-0.71875,-0.85,0.046875,0.720833333,0.73125,-0.804166667,-0.77441206,-0.248090956,0.5,-0.333333333
-0.71875,-0.825,0.05625,0.741666667,0.73125,-0.783333333,-0.772066816,-0.252236769,0.5,-0.333333333
-0.71875,-0.825,0.05625,0.741666667,0.734375,-0.783333333,-0.735997597,-0.256798638,0.5,0.333333333
-0.71875,-0.829166667,0.05625,0.7375,0.734375,-0.7875,-0.735574754,-0.257900831,0.5,0.333333333
-0.715625,-0.825,0.0625,0.741666667,0.7375,-0.7875,-0.731031036,-0.261536436,0.5,0.333333333
-0.709375,-0.820833333,0.06875,0.741666667,0.740625,-0.783333333,-0.729724566,-0.265008884,0.5,0.333333333
-0.709375,-0.820833333,0.06875,0.741666667,0.740625,-0.783333333,-0.73089145,-0.263883068,0.5,0.333333333
-0.7125,-0.8125,0.06875,0.75,0.740625,-0.779166667,-0.730369123,-0.263610896,0.5,0.333333333
-0.709375,-0.8125,0.06875,0.745833333,0.740625,-0.779166667,-0.730664794,-0.264504214,0.5,0.333333333
-0.709375,-0.816666667,0.06875,0.741666667,0.740625,-0.783333333,-0.705701701,-0.258779399,0.5,0.333333333
-0.709375,-0.820833333,0.06875,0.741666667,0.740625,-0.7875,-0.698866145,-0.261472914,0.5,1
-0.709375,-0.816666667,0.06875,0.745833333,0.740625,-0.779166667,-0.698179531,-0.26782187,0.5,1
-0.709375,-0.816666667,0.071875,0.745833333,0.740625,-0.779166667,-0.691317081,-0.271531734,0.5,1
-0.70625,-0.8125,0.075,0.745833333,0.74375,-0.779166667,-0.691535727,-0.271890993,0.5,1
-0.70625,-0.816666667,0.078125,0.741666667,0.74375,-0.783333333,-0.691082509,-0.271080243,0.5,1
-0.70625,-0.816666667,0.075,0.741666667,0.74375,-0.783333333,-0.690598965,-0.268802162,0.5,1
-0.70625,-0.820833333,0.075,0.7375,0.74375,-0.7875,-0.692034117,-0.272987592,0.5,1
-0.70625,-0.825,0.075,0.733333333,0.74375,-0.791666667,-0.689730803,-0.273221842,0.5,1
-0.703125,-0.829166667,0.075,0.729166667,0.746875,-0.795833333,-0.767115164,-0.171227801,1,-1
-0.7,-0.829166667,0.078125,0.729166667,0.75,-0.795833333,-0.802670145,-0.167235876,1,-1
-0.703125,-0.833333333,0.071875,0.725,0.746875,-0.795833333,-0.803671122,-0.159040889,1,-1
-0.703125,-0.833333333,0.06875,0.729166667,0.746875,-0.795833333,-0.802077405,-0.157884668,1,-1
-0.70625,-0.8375,0.065625,0.720833333,0.74375,-0.8,-0.800905911,-0.157273639,1,-1
-0.703125,-0.8375,0.071875,0.729166667,0.746875,-0.795833333,-0.804521497,-0.154539264,1,-1
-0.703125,-0.825,0.071875,0.7375,0.75,-0.7875,-0.801544778,-0.156940715,1,-1
-0.703125,-0.8375,0.071875,0.725,0.75,-0.8,-0.799881935,-0.15678061,1,-1
-0.703125,-0.845833333,0.075,0.716666667,0.75,-0.808333333,-0.798046096,-0.159963876,1,-0.333333333
-0.69375,-0.866666667,0.078125,0.7,0.759375,-0.825,-0.764966329,-0.150941185,1,-0.333333333
-0.696875,-0.866666667,0.075,0.708333333,0.75625,-0.820833333,-0.755246989,-0.160231866,1,-0.333333333
-0.7,-0.845833333,0.071875,0.729166667,0.75625,-0.8,-0.763332303,-0.160301604,1,-0.333333333
-0.696875,-0.829166667,0.075,0.741666667,0.759375,-0.783333333,-0.762198337,-0.161351126,1,-0.333333333
-0.696875,-0.841666667,0.078125,0.733333333,0.759375,-0.795833333,-0.763162311,-0.162781157,1,-0.333333333
-0.690625,-0.833333333,0.0875,0.7375,0.765625,-0.791666667,-0.763008038,-0.16423792,1,-0.333333333
-0.684375,-0.829166667,0.09375,0.741666667,0.771875,-0.791666667,-0.758382797,-0.160616557,1,-0.333333333
-0.68125,-0.820833333,0.1,0.75,0.775,-0.779166667,-0.732339986,-0.174124146,1,0.333333333
-0.678125,-0.816666667,0.103125,0.754166667,0.778125,-0.779166667,-0.732649422,-0.175908237,1,0.333333333
-0.678125,-0.8125,0.10625,0.758333333,0.78125,-0.775,-0.732813644,-0.17479378,1,0.333333333
-0.678125,-0.808333333,0.103125,0.758333333,0.78125,-0.770833333,-0.729402351,-0.175605152,1,0.333333333
-0.678125,-0.808333333,0.103125,0.7625,0.778125,-0.770833333,-0.729093965,-0.174909069,1,0.333333333
-0.678125,-0.804166667,0.103125,0.7625,0.778125,-0.770833333,-0.729368623,-0.176069867,1,0.333333333
-0.678125,-0.8,0.103125,0.770833333,0.778125,-0.7625,-0.729521656,-0.175236116,1,0.333333333
-0.68125,-0.795833333,0.103125,0.770833333,0.778125,-0.7625,-0.704809729,-0.180107173,1,0.333333333
-0.68125,-0.791666667,0.103125,0.783333333,0.778125,-0.754166667,-0.702215576,-0.18721596,1,1
-0.678125,-0.779166667,0.10625,0.7875,0.78125,-0.741666667,-0.701723385,-0.18757392,1,1
-0.675,-0.779166667,0.109375,0.791666667,0.78125,-0.741666667,-0.701755301,-0.188413041,1,1
-0.675,-0.779166667,0.10625,0.7875,0.78125,-0.741666667,-0.701655515,-0.188109504,1,1
-0.678125,-0.779166667,0.10625,0.7875,0.78125,-0.745833333,-0.701514848,-0.187645015,1,1
-0.678125,-0.783333333,0.10625,0.783333333,0.78125,-0.745833333,-0.70214138,-0.188515896,1,1
-0.675,-0.779166667,0.109375,0.7875,0.784375,-0.745833333,-0.702876886,-0.190464387,1,1
-0.671875,-0.775,0.1125,0.791666667,0.7875,-0.741666667,-0.702732786,-0.190656535,1,1
-0.696875,-0.816666667,-0.015625,0.683333333,0.7,-0.779166667,-0.509469775,-0.048279703,-1,-1
-0.69375,-0.8125,-0.0125,0.683333333,0.703125,-0.779166667,-0.483719189,-0.097495502,-1,-1
-0.69375,-0.808333333,-0.0125,0.683333333,0.703125,-0.779166667,-0.492277344,-0.104900765,-1,-1
-0.69375,-0.808333333,-0.00625,0.6875,0.703125,-0.779166667,-0.479605371,-0.121186812,-1,-1
-0.675,-0.804166667,0.00625,0.691666667,0.725,-0.775,-0.481117383,-0.106030866,-1,-1
-0.690625,-0.795833333,-0.009375,0.704166667,0.709375,-0.7625,-0.482582275,-0.104109991,-1,-1
-0.690625,-0.8,-0.00625,0.695833333,0.70625,-0.766666667,-0.524515039,-0.129987612,-1,-1
-0.690625,-0.808333333,-0.003125,0.6875,0.709375,-0.775,-0.494559766,-0.110731355,-1,-1
-0.684375,-0.816666667,0,0.679166667,0.7125,-0.783333333,-0.489426221,-0.114498655,-1,-1
-0.68125,-0.8125,0.003125,0.679166667,0.715625,-0.783333333,-0.475776611,-0.11014828,-1,-1
-0.6875,-0.820833333,-0.00625,0.675,0.709375,-0.7875,-0.48428501,-0.115916996,-1,-1
-0.6875,-0.820833333,0,0.675,0.709375,-0.7875,-0.482387256,-0.12132973,-1,-1
-0.678125,-0.820833333,0.009375,0.670833333,0.71875,-0.795833333,-0.480380518,-0.108798296,-1,-1
-0.68125,-0.820833333,0.009375,0.670833333,0.715625,-0.795833333,-0.476699902,-0.115341745,-1,-1
-0.68125,-0.8125,0.0125,0.675,0.715625,-0.791666667,-0.474391406,-0.113233294,-1,-1
-0.678125,-0.816666667,0.015625,0.670833333,0.71875,-0.795833333,-0.47220708,-0.115761893,-1,-1
-0.678125,-0.816666667,0.0125,0.675,0.71875,-0.795833333,-0.470542871,-0.107009161,-1,-1
-0.678125,-0.8125,0.0125,0.675,0.715625,-0.791666667,-0.471565381,-0.115270202,-1,-1
-0.675,-0.8125,0.01875,0.675,0.721875,-0.791666667,-0.492098193,-0.116579887,-1,-1
-0.671875,-0.816666667,0.015625,0.675,0.721875,-0.791666667,-0.448061572,-0.108751402,-1,-1
-0.671875,-0.8125,0.01875,0.675,0.725,-0.791666667,-0.457391699,-0.099093706,-1,-1
-0.66875,-0.8125,0.021875,0.675,0.728125,-0.791666667,-0.447013867,-0.111926404,-1,-1
-0.66875,-0.8125,0.01875,0.679166667,0.728125,-0.7875,-0.472560449,-0.058593415,-1,-1
-0.671875,-0.8125,0.015625,0.675,0.725,-0.7875,-0.452999023,-0.047247806,-1,-1
-0.671875,-0.8125,0.0125,0.679166667,0.725,-0.7875,-0.534970508,-0.092130109,-1,-1
-0.675,-0.8125,0.0125,0.679166667,0.721875,-0.7875,-0.538262939,-0.086929433,-1,-1
-0.675,-0.816666667,0.009375,0.675,0.71875,-0.7875,-0.530116699,-0.091327989,-1,-1
-0.675,-0.816666667,0.0125,0.675,0.71875,-0.7875,-0.548425781,-0.090212532,-1,-1
-0.675,-0.816666667,0.0125,0.670833333,0.721875,-0.791666667,-0.529173633,-0.086811275,-1,-1
-0.678125,-0.816666667,0.009375,0.670833333,0.71875,-0.791666667,-0.532866895,-0.087135902,-1,-1
-0.678125,-0.8125,0.009375,0.679166667,0.71875,-0.7875,-0.539266602,-0.109046405,-1,-1
-0.675,-0.816666667,0.009375,0.670833333,0.721875,-0.791666667,-0.54396333,-0.113175109,-1,-1
-0.675,-0.820833333,0.0125,0.666666667,0.71875,-0.791666667,-0.525705615,-0.097872444,-1,-1
-0.675,-0.820833333,0.0125,0.666666667,0.721875,-0.795833333,-0.526056641,-0.102551079,-1,-1
-0.675,-0.825,0.0125,0.666666667,0.721875,-0.795833333,-0.531344238,-0.095468766,-1,-1
-0.671875,-0.825,0.015625,0.6625,0.721875,-0.8,-0.520382275,-0.131887862,-1,-1
-0.671875,-0.829166667,0.0125,0.658333333,0.721875,-0.804166667,-0.482943115,-0.130317269,-1,-1
-0.675,-0.833333333,0.0125,0.654166667,0.71875,-0.808333333,-0.475825,-0.118776929,-1,-1
-0.675,-0.8375,0.00625,0.654166667,0.71875,-0.808333333,-0.47119248,-0.116859408,-1,-1
-0.678125,-0.8375,0.00625,0.654166667,0.715625,-0.808333333,-0.478375635,-0.109613216,-1,-1
-0.678125,-0.829166667,0.009375,0.658333333,0.71875,-0.804166667,-0.474770117,-0.113308358,-1,-1
-0.675,-0.825,0.0125,0.6625,0.721875,-0.8,-0.475428711,-0.115664751,-1,-1
-0.675,-0.829166667,0.0125,0.658333333,0.721875,-0.804166667,-0.48626958,-0.11509604,-1,-0.333333333
-0.675,-0.825,0.0125,0.6625,0.721875,-0.8,-0.469307715,-0.119154542,-1,-0.333333333
-0.66875,-0.825,0.01875,0.6625,0.728125,-0.804166667,-0.386785498,-0.128254538,-1,-0.333333333
-0.66875,-0.829166667,0.01875,0.658333333,0.728125,-0.804166667,-0.376035352,-0.133603889,-1,-0.333333333
-0.6625,-0.825,0.025,0.6625,0.73125,-0.804166667,-0.372929443,-0.128412156,-1,-0.333333333
-0.6625,-0.825,0.028125,0.6625,0.734375,-0.804166667,-0.382408887,-0.116671775,-1,-0.333333333
-0.6625,-0.829166667,0.025,0.6625,0.734375,-0.804166667,-0.37849668,-0.124871278,-1,-0.333333333
-0.659375,-0.829166667,0.03125,0.6625,0.7375,-0.808333333,-0.371204541,-0.125658084,-1,-0.333333333
-0.65625,-0.825,0.040625,0.6625,0.74375,-0.8125,-0.366824609,-0.127049596,-1,-0.333333333
-0.653125,-0.820833333,0.053125,0.658333333,0.746875,-0.816666667,-0.368793164,-0.132819151,-1,-0.333333333
-0.65,-0.829166667,0.05,0.654166667,0.75,-0.829166667,-0.36934624,-0.128978855,-1,-0.333333333
-0.665625,-0.825,0.03125,0.6625,0.734375,-0.816666667,-0.363969336,-0.120563828,-1,-0.333333333
-0.675,-0.825,0.015625,0.670833333,0.725,-0.808333333,-0.372852734,-0.115812812,-1,-0.333333333
-0.68125,-0.820833333,0.0125,0.679166667,0.721875,-0.804166667,-0.369508008,-0.123239762,-1,-0.333333333
-0.684375,-0.808333333,0.015625,0.6875,0.71875,-0.791666667,-0.372896143,-0.116333343,-1,-0.333333333
-0.671875,-0.820833333,0.03125,0.670833333,0.734375,-0.8125,-0.364360986,-0.129130437,-1,-0.333333333
-0.66875,-0.8375,0.034375,0.658333333,0.7375,-0.825,-0.36476084,-0.129231659,-1,-0.333333333
-0.665625,-0.825,0.040625,0.675,0.74375,-0.816666667,-0.366315137,-0.142028809,-1,-0.333333333
-0.659375,-0.804166667,0.05625,0.6875,0.75,-0.8,-0.363631299,-0.147355635,-1,-0.333333333
-0.646875,-0.8,0.071875,0.6875,0.7625,-0.804166667,-0.370319238,-0.154671582,-1,-0.333333333
-0.6375,-0.804166667,0.08125,0.675,0.771875,-0.8125,-0.325736523,-0.260116857,-1,-0.333333333
-0.628125,-0.8125,0.090625,0.666666667,0.778125,-0.825,-0.397430225,-0.160173689,-1,-0.333333333
-0.621875,-0.808333333,0.1,0.666666667,0.784375,-0.825,-0.369819824,-0.193291074,-1,-0.333333333
-0.628125,-0.8375,0.0875,0.6375,0.778125,-0.85,-0.36773335,-0.17387256,-1,-0.333333333
-0.628125,-0.845833333,0.090625,0.625,0.775,-0.8625,-0.356247949,-0.160092308,-1,-0.333333333
-0.615625,-0.854166667,0.103125,0.616666667,0.7875,-0.870833333,-0.361626172,-0.16202738,-1,-0.333333333
-0.609375,-0.845833333,0.1125,0.625,0.79375,-0.866666667,-0.32943374,-0.213309375,-1,-0.333333333
-0.609375,-0.845833333,0.109375,0.629166667,0.79375,-0.8625,-0.370972852,-0.161803025,-1,-0.333333333
-0.6125,-0.8375,0.10625,0.6375,0.790625,-0.854166667,-0.368902734,-0.153612745,-1,-0.333333333
-0.6125,-0.8375,0.10625,0.6375,0.79375,-0.854166667,-0.362208545,-0.163295424,-1,-0.333333333
-0.6125,-0.841666667,0.103125,0.633333333,0.790625,-0.858333333,-0.358267627,-0.162907471,-1,-0.333333333
-0.6125,-0.845833333,0.103125,0.629166667,0.7875,-0.858333333,-0.360443799,-0.156737107,-1,-0.333333333
-0.6125,-0.85,0.103125,0.620833333,0.790625,-0.8625,-0.358990234,-0.1638766,-1,-0.333333333
-0.6125,-0.85,0.103125,0.620833333,0.7875,-0.8625,-0.354050879,-0.160228576,-1,-0.333333333
-0.6125,-0.854166667,0.103125,0.616666667,0.7875,-0.870833333,-0.34983418,-0.165269118,-1,-0.333333333
-0.615625,-0.85,0.1,0.625,0.7875,-0.866666667,-0.357154932,-0.163038428,-1,-0.333333333
-0.615625,-0.85,0.1,0.625,0.7875,-0.8625,-0.353836523,-0.156031738,-1,-0.333333333
-0.615625,-0.85,0.103125,0.625,0.7875,-0.8625,-0.34747666,-0.155379634,-1,-0.333333333
-0.6125,-0.854166667,0.10625,0.616666667,0.7875,-0.870833333,-0.356409668,-0.165174715,-1,-0.333333333
-0.609375,-0.854166667,0.10625,0.616666667,0.790625,-0.870833333,-0.361760059,-0.16332801,-1,-0.333333333
-0.609375,-0.85,0.109375,0.625,0.79375,-0.866666667,-0.346706543,-0.164287358,-1,-0.333333333
-0.6125,-0.845833333,0.109375,0.620833333,0.790625,-0.866666667,-0.350141162,-0.159314334,-1,0.333333333
-0.609375,-0.85,0.109375,0.616666667,0.790625,-0.870833333,-0.354713037,-0.16655298,-1,0.333333333
-0.609375,-0.85,0.109375,0.620833333,0.79375,-0.870833333,-0.342045264,-0.165800549,-1,0.333333333
-0.60625,-0.85,0.115625,0.616666667,0.79375,-0.870833333,-0.283995996,-0.150038779,-1,0.333333333
-0.603125,-0.854166667,0.11875,0.6125,0.796875,-0.875,-0.268067676,-0.149384104,-1,0.333333333
-0.596875,-0.858333333,0.125,0.604166667,0.803125,-0.883333333,-0.220843701,-0.148570749,-1,0.333333333
-0.5875,-0.858333333,0.134375,0.608333333,0.815625,-0.883333333,-0.22330293,-0.158022702,-1,0.333333333
-0.584375,-0.858333333,0.140625,0.608333333,0.81875,-0.879166667,-0.231984424,-0.157970498,-1,0.333333333
-0.575,-0.8625,0.14375,0.604166667,0.828125,-0.883333333,-0.227438086,-0.155605889,-1,0.333333333
-0.584375,-0.854166667,0.134375,0.616666667,0.81875,-0.870833333,-0.233456641,-0.160996266,-1,0.333333333
-0.5875,-0.85,0.128125,0.620833333,0.8125,-0.866666667,-0.182878906,-0.215805724,-1,0.333333333
-0.590625,-0.85,0.125,0.620833333,0.809375,-0.8625,-0.205962695,-0.217892881,-1,0.333333333
-0.596875,-0.854166667,0.115625,0.616666667,0.80625,-0.866666667,-0.256073047,-0.147892934,-1,0.333333333
-0.609375,-0.858333333,0.103125,0.616666667,0.79375,-0.870833333,-0.245463721,-0.145802089,-1,0.333333333
-0.609375,-0.858333333,0.10625,0.616666667,0.79375,-0.870833333,-0.249028857,-0.144222441,-1,0.333333333
-0.60625,-0.854166667,0.1125,0.616666667,0.796875,-0.870833333,-0.245216895,-0.14784006,-1,0.333333333
-0.603125,-0.854166667,0.115625,0.616666667,0.796875,-0.870833333,-0.246119043,-0.14238753,-1,0.333333333
-0.6,-0.854166667,0.11875,0.6125,0.8,-0.875,-0.237298486,-0.15387125,-1,0.333333333
-0.596875,-0.854166667,0.125,0.6125,0.803125,-0.879166667,-0.237487109,-0.147885165,-1,0.333333333
-0.6,-0.85,0.121875,0.616666667,0.803125,-0.875,-0.240096045,-0.149411883,-1,0.333333333
-0.596875,-0.85,0.125,0.616666667,0.803125,-0.875,-0.208538867,-0.104748401,-1,0.333333333
-0.596875,-0.854166667,0.125,0.6125,0.803125,-0.875,-0.201556006,-0.102343549,-1,0.333333333
-0.596875,-0.854166667,0.128125,0.6125,0.80625,-0.879166667,-0.202551611,-0.105281397,-1,0.333333333
-0.596875,-0.854166667,0.128125,0.608333333,0.803125,-0.883333333,-0.206363721,-0.097360241,-1,0.333333333
-0.6,-0.854166667,0.125,0.608333333,0.8,-0.883333333,-0.222188574,-0.143249176,-1,0.333333333
-0.6,-0.854166667,0.125,0.6125,0.8,-0.883333333,-0.245165283,-0.168221889,-1,0.333333333
-0.6,-0.858333333,0.125,0.604166667,0.803125,-0.8875,-0.238783008,-0.165824359,-1,0.333333333
-0.596875,-0.858333333,0.125,0.604166667,0.803125,-0.8875,-0.235427539,-0.168461726,-1,0.333333333
-0.596875,-0.858333333,0.13125,0.6,0.803125,-0.891666667,-0.235892773,-0.156034253,-1,0.333333333
-0.59375,-0.8625,0.13125,0.6,0.80625,-0.891666667,-0.228311035,-0.162605817,-1,0.333333333
-0.59375,-0.8625,0.134375,0.595833333,0.80625,-0.895833333,-0.240653125,-0.159651089,-1,0.333333333
-0.59375,-0.8625,0.13125,0.6,0.80625,-0.891666667,-0.239168311,-0.155470237,-1,0.333333333
-0.590625,-0.8625,0.1375,0.6,0.809375,-0.891666667,-0.234281934,-0.166103042,-1,0.333333333
-0.5875,-0.858333333,0.134375,0.604166667,0.809375,-0.8875,-0.23600957,-0.159157219,-1,0.333333333
-0.590625,-0.854166667,0.1375,0.608333333,0.809375,-0.883333333,-0.232724316,-0.164112692,-1,0.333333333
-0.5875,-0.858333333,0.1375,0.604166667,0.8125,-0.8875,-0.239177881,-0.156252795,-1,0.333333333
-0.590625,-0.854166667,0.134375,0.608333333,0.809375,-0.883333333,-0.235343701,-0.160366296,-1,0.333333333
-0.5875,-0.858333333,0.1375,0.604166667,0.8125,-0.8875,-0.238288379,-0.161986858,-1,0.333333333
-0.584375,-0.854166667,0.140625,0.608333333,0.815625,-0.883333333,-0.239988086,-0.158784133,-1,0.333333333
-0.5875,-0.854166667,0.1375,0.608333333,0.8125,-0.883333333,-0.238473828,-0.154703441,-1,0.333333333
-0.5875,-0.858333333,0.1375,0.604166667,0.8125,-0.8875,-0.23191084,-0.163297772,-1,0.333333333
-0.584375,-0.858333333,0.140625,0.604166667,0.815625,-0.891666667,-0.2289271,-0.163418501,-1,0.333333333
-0.584375,-0.858333333,0.14375,0.6,0.815625,-0.891666667,-0.230373047,-0.169534537,-1,0.333333333
-0.58125,-0.858333333,0.146875,0.6,0.81875,-0.895833333,-0.229383203,-0.163963346,-1,0.333333333
-0.584375,-0.858333333,0.146875,0.6,0.815625,-0.891666667,-0.229692627,-0.163222428,-1,1
-0.584375,-0.858333333,0.146875,0.595833333,0.815625,-0.895833333,-0.167378223,-0.168610961,-1,1
-0.584375,-0.8625,0.146875,0.595833333,0.815625,-0.9,-0.134684961,-0.157490433,-1,1
-0.58125,-0.858333333,0.15,0.595833333,0.81875,-0.9,-0.12882334,-0.163695171,-1,1
-0.58125,-0.8625,0.153125,0.595833333,0.81875,-0.9,-0.12510332,-0.161819234,-1,1
-0.578125,-0.8625,0.153125,0.591666667,0.821875,-0.904166667,-0.123102539,-0.152657366,-1,1
-0.58125,-0.8625,0.153125,0.591666667,0.81875,-0.904166667,-0.116416602,-0.152512826,-1,1
-0.58125,-0.8625,0.153125,0.591666667,0.81875,-0.904166667,-0.114066504,-0.151542468,-1,1
-0.58125,-0.866666667,0.15,0.5875,0.815625,-0.904166667,-0.106766992,-0.144678584,-1,1
-0.58125,-0.866666667,0.153125,0.5875,0.81875,-0.908333333,-0.108524805,-0.153165936,-1,1
-0.58125,-0.870833333,0.15,0.579166667,0.81875,-0.9125,-0.11381709,-0.161787767,-1,1
-0.58125,-0.870833333,0.15,0.583333333,0.815625,-0.9125,-0.112253711,-0.162462675,-1,1
-0.578125,-0.875,0.153125,0.575,0.81875,-0.916666667,-0.113584277,-0.16100437,-1,1
-0.578125,-0.879166667,0.153125,0.570833333,0.81875,-0.920833333,-0.106862402,-0.161798778,-1,1
-0.571875,-0.883333333,0.159375,0.566666667,0.825,-0.925,-0.111646484,-0.153786851,-1,1
-0.56875,-0.883333333,0.1625,0.566666667,0.828125,-0.929166667,-0.110532031,-0.160680191,-1,1
-0.56875,-0.8875,0.1625,0.5625,0.828125,-0.929166667,-0.114325391,-0.154505691,-1,1
-0.571875,-0.8875,0.159375,0.566666667,0.825,-0.929166667,-0.116574512,-0.160531907,-1,1
-0.571875,-0.8875,0.15625,0.5625,0.825,-0.925,-0.11320127,-0.150440761,-1,1
-0.575,-0.891666667,0.15,0.566666667,0.821875,-0.929166667,-0.127333008,-0.145166586,-1,1
-0.575,-0.879166667,0.15,0.579166667,0.821875,-0.9125,-0.134488184,-0.146870037,-1,1
-0.578125,-0.883333333,0.146875,0.575,0.821875,-0.9125,-0.137293262,-0.138053307,-1,1
-0.575,-0.8875,0.15,0.566666667,0.821875,-0.925,-0.129395508,-0.140517238,-1,1
-0.571875,-0.883333333,0.15625,0.566666667,0.825,-0.925,-0.126390918,-0.143666697,-1,1
-0.575,-0.879166667,0.15625,0.575,0.821875,-0.920833333,-0.121854883,-0.145768274,-1,1
-0.571875,-0.875,0.1625,0.579166667,0.825,-0.916666667,-0.129278906,-0.153227474,-1,1
-0.571875,-0.866666667,0.1625,0.5875,0.825,-0.9125,-0.138525977,-0.142453036,-1,1
-0.575,-0.866666667,0.159375,0.5875,0.825,-0.908333333,-0.127127637,-0.154365512,-1,1
-0.578125,-0.866666667,0.153125,0.591666667,0.821875,-0.908333333,-0.133967676,-0.150142684,-1,1
-0.578125,-0.866666667,0.15625,0.5875,0.821875,-0.908333333,-0.124283398,-0.153687418,-1,1
-0.575,-0.870833333,0.159375,0.579166667,0.825,-0.916666667,-0.121776953,-0.16066728,-1,1
-0.571875,-0.879166667,0.165625,0.570833333,0.828125,-0.925,-0.123470801,-0.153429024,-1,1
-0.571875,-0.875,0.1625,0.575,0.828125,-0.920833333,-0.117366016,-0.15362247,-1,1
-0.571875,-0.875,0.159375,0.575,0.825,-0.920833333,-0.128990918,-0.154495183,-1,1
-0.571875,-0.870833333,0.159375,0.583333333,0.825,-0.916666667,-0.11854209,-0.157149039,-1,1
-0.575,-0.870833333,0.159375,0.583333333,0.825,-0.9125,-0.124481152,-0.1467867,-1,1
-0.571875,-0.870833333,0.1625,0.583333333,0.825,-0.9125,-0.11244668,-0.150127593,-1,1
-0.56875,-0.870833333,0.165625,0.579166667,0.828125,-0.9125,-0.127533691,-0.151744018,-1,1
-0.56875,-0.875,0.165625,0.575,0.83125,-0.916666667,-0.124192383,-0.140788152,-1,1
-0.56875,-0.875,0.1625,0.575,0.828125,-0.916666667,-0.127483691,-0.143457993,-1,1
-0.56875,-0.879166667,0.1625,0.575,0.828125,-0.916666667,-0.133556152,-0.153769133,-1,1
-0.56875,-0.879166667,0.159375,0.575,0.828125,-0.916666667,-0.128096484,-0.152557094,-1,1
-0.571875,-0.879166667,0.159375,0.575,0.828125,-0.916666667,-0.133020605,-0.154217898,-1,1
-0.56875,-0.883333333,0.159375,0.570833333,0.828125,-0.920833333,-0.127903418,-0.14406242,-1,1
-0.56875,-0.883333333,0.159375,0.570833333,0.83125,-0.920833333,-0.129264648,-0.145008185,-1,1
-0.56875,-0.879166667,0.159375,0.575,0.83125,-0.916666667,-0.127699121,-0.153542767,-0.5,-1
-0.56875,-0.879166667,0.15625,0.575,0.828125,-0.916666667,-0.133541211,-0.152280479,-0.5,-1
-0.56875,-0.883333333,0.159375,0.570833333,0.828125,-0.920833333,-0.436284619,-0.06143412,-0.5,-1
-0.56875,-0.879166667,0.1625,0.575,0.83125,-0.916666667,-0.412733936,-0.082022754,-0.5,-1
-0.5625,-0.875,0.171875,0.575,0.834375,-0.920833333,-0.415847266,-0.083197905,-0.5,-1
-0.559375,-0.875,0.175,0.575,0.8375,-0.920833333,-0.448331104,-0.066029587,-0.5,-1
-0.553125,-0.870833333,0.18125,0.579166667,0.84375,-0.920833333,-0.454318945,-0.082362584,-0.5,-1
-0.553125,-0.866666667,0.184375,0.579166667,0.846875,-0.916666667,-0.46705752,-0.013613523,-0.5,-1
-0.55625,-0.875,0.18125,0.570833333,0.840625,-0.925,-0.438357715,-0.012935764,-0.5,-1
-0.55625,-0.875,0.18125,0.575,0.84375,-0.920833333,-0.435494141,-0.01705709,-0.5,-1
-0.55625,-0.875,0.18125,0.575,0.84375,-0.920833333,-0.431666504,-0.022271348,-0.5,-1
-0.55625,-0.875,0.18125,0.570833333,0.840625,-0.925,-0.470006738,-0.02596554,-0.5,-1
-0.55625,-0.879166667,0.18125,0.570833333,0.84375,-0.925,-0.464849609,-0.024786757,-0.5,-1
-0.55625,-0.879166667,0.18125,0.570833333,0.840625,-0.925,-0.465621924,-0.01948933,-0.5,-1
-0.55625,-0.883333333,0.178125,0.5625,0.840625,-0.929166667,-0.461790381,-0.016175881,-0.5,-1
-0.55625,-0.879166667,0.18125,0.566666667,0.840625,-0.929166667,-0.461052686,-0.015332903,-0.5,-1
-0.553125,-0.879166667,0.18125,0.566666667,0.84375,-0.925,-0.460656982,-0.017292065,-0.5,-1
-0.553125,-0.883333333,0.184375,0.566666667,0.84375,-0.929166667,-0.461840039,-0.015430716,-0.5,-1
-0.55,-0.879166667,0.184375,0.566666667,0.846875,-0.925,-0.465677441,-0.018709735,-0.5,-1
-0.55,-0.883333333,0.18125,0.566666667,0.846875,-0.929166667,-0.46094248,-0.008224543,-0.5,-1
-0.553125,-0.883333333,0.18125,0.566666667,0.84375,-0.925,-0.466245215,-0.010292472,-0.5,-1
-0.553125,-0.883333333,0.178125,0.570833333,0.84375,-0.925,-0.463029346,-0.014119466,-0.5,-1
-0.55,-0.879166667,0.184375,0.566666667,0.846875,-0.925,-0.457953857,-0.017110189,-0.5,-1
-0.55,-0.883333333,0.18125,0.566666667,0.846875,-0.929166667,-0.459535449,-0.025076395,-0.5,-1
-0.55,-0.883333333,0.184375,0.566666667,0.846875,-0.929166667,-0.464597168,-0.017088055,-0.5,-1
-0.553125,-0.883333333,0.18125,0.566666667,0.84375,-0.925,-0.464196045,-0.009205577,-0.5,-1
-0.55,-0.883333333,0.184375,0.566666667,0.846875,-0.929166667,-0.45621416,-0.015573467,-0.5,-1
-0.553125,-0.875,0.18125,0.575,0.84375,-0.925,-0.465932764,-0.008379255,-0.5,-1
-0.55,-0.866666667,0.1875,0.579166667,0.846875,-0.916666667,-0.454173584,-0.014631893,-0.5,-1
-0.55,-0.870833333,0.190625,0.575,0.85,-0.920833333,-0.450732861,-0.0202592,-0.5,-1
-0.55,-0.875,0.1875,0.570833333,0.846875,-0.925,-0.445783301,-0.014907222,-0.5,-1
-0.553125,-0.879166667,0.184375,0.566666667,0.84375,-0.929166667,-0.451427686,-0.019918588,-0.5,-1
-0.55,-0.883333333,0.1875,0.558333333,0.846875,-0.9375,-0.460412988,-0.0160243,-0.5,-1
-0.553125,-0.8875,0.18125,0.5625,0.84375,-0.9375,-0.453500586,-0.009290087,-0.5,-1
-0.553125,-0.8875,0.1875,0.5625,0.846875,-0.933333333,-0.445129053,-0.021353474,-0.5,-1
-0.54375,-0.891666667,0.2,0.55,0.853125,-0.95,-0.459928076,-0.047015627,-0.5,-1
-0.546875,-0.895833333,0.19375,0.545833333,0.85,-0.95,-0.455712109,-0.038385412,-0.5,-1
-0.546875,-0.9,0.19375,0.545833333,0.85,-0.95,-0.458708643,-0.021632268,-0.5,-1
-0.540625,-0.9,0.2,0.541666667,0.85625,-0.958333333,-0.451932812,-0.024185125,-0.5,-1
-0.5375,-0.9,0.20625,0.541666667,0.859375,-0.958333333,-0.450943799,-0.018875849,-0.5,-0.333333333
-0.5375,-0.9,0.203125,0.541666667,0.859375,-0.958333333,-0.452909619,-0.0139595,-0.5,-0.333333333
-0.540625,-0.904166667,0.196875,0.5375,0.85625,-0.958333333,-0.340787256,-0.000862653,-0.5,-0.333333333
-0.540625,-0.895833333,0.2,0.545833333,0.85625,-0.95,-0.308252197,0.015885797,-0.5,-0.333333333
-0.540625,-0.895833333,0.196875,0.545833333,0.85625,-0.95,-0.307355859,0.013845032,-0.5,-0.333333333
-0.540625,-0.9,0.196875,0.545833333,0.85625,-0.95,-0.306933203,0.013088911,-0.5,-0.333333333
-0.54375,-0.895833333,0.196875,0.55,0.853125,-0.95,-0.30937959,0.018334581,-0.5,-0.333333333
-0.546875,-0.895833333,0.19375,0.55,0.85,-0.95,-0.32491377,0.011982006,-0.5,-0.333333333
-0.546875,-0.891666667,0.19375,0.55,0.85,-0.945833333,-0.330143555,-0.00700071,-0.5,-0.333333333
-0.546875,-0.891666667,0.19375,0.554166667,0.85,-0.945833333,-0.317989355,0.014468015,-0.5,-0.333333333
-0.546875,-0.8875,0.19375,0.554166667,0.85,-0.945833333,-0.316650635,0.013614976,-0.5,-0.333333333
-0.54375,-0.8875,0.2,0.554166667,0.853125,-0.945833333,-0.314347363,0.011401278,-0.5,-0.333333333
-0.54375,-0.891666667,0.196875,0.55,0.853125,-0.95,-0.311992383,0.011594444,-0.5,-0.333333333
-0.546875,-0.891666667,0.196875,0.55,0.853125,-0.954166667,-0.312149805,0.013011108,-0.5,-0.333333333
-0.546875,-0.8875,0.19375,0.554166667,0.85,-0.945833333,-0.310465576,0.011923318,-0.5,-0.333333333
-0.55,-0.895833333,0.190625,0.55,0.85,-0.95,-0.310844092,0.012136494,-0.5,-0.333333333
-0.55,-0.8875,0.190625,0.554166667,0.846875,-0.945833333,-0.311279688,0.012608567,-0.5,-0.333333333
-0.55,-0.8875,0.19375,0.554166667,0.85,-0.945833333,-0.309700977,0.009845217,-0.5,-0.333333333
-0.55,-0.891666667,0.19375,0.554166667,0.846875,-0.95,-0.310504541,0.009067969,-0.5,-0.333333333
-0.55,-0.8875,0.19375,0.554166667,0.846875,-0.945833333,-0.310554004,0.009321387,-0.5,-0.333333333
-0.55,-0.891666667,0.19375,0.55,0.846875,-0.95,-0.309333105,0.006962591,-0.5,-0.333333333
-0.546875,-0.891666667,0.196875,0.55,0.85,-0.95,-0.309326367,0.008922088,-0.5,-0.333333333
-0.546875,-0.891666667,0.19375,0.554166667,0.853125,-0.945833333,-0.307262646,0.010084439,-0.5,-0.333333333
-0.546875,-0.891666667,0.19375,0.55,0.853125,-0.95,-0.306760352,0.009848794,-0.5,-0.333333333
-0.54375,-0.895833333,0.196875,0.545833333,0.853125,-0.95,-0.305846729,0.010329809,-0.5,-0.333333333
-0.540625,-0.9,0.2,0.541666667,0.85625,-0.958333333,-0.305596094,0.012047065,-0.5,-0.333333333
-0.540625,-0.904166667,0.2,0.541666667,0.85625,-0.958333333,-0.307694727,0.014348851,-0.5,-0.333333333
-0.540625,-0.9,0.2,0.545833333,0.85625,-0.954166667,-0.309497119,0.014828972,-0.5,-0.333333333
-0.540625,-0.895833333,0.2,0.545833333,0.85625,-0.95,-0.309482227,0.016351721,-0.5,-0.333333333
-0.54375,-0.895833333,0.19375,0.545833333,0.853125,-0.95,-0.309159814,0.016553047,-0.5,-0.333333333
-0.540625,-0.895833333,0.196875,0.545833333,0.85625,-0.95,-0.308539648,0.015405676,-0.5,-0.333333333
-0.54375,-0.895833333,0.196875,0.545833333,0.85625,-0.95,-0.307818896,0.014264564,-0.5,-0.333333333
-0.540625,-0.9,0.196875,0.545833333,0.85625,-0.954166667,-0.307257568,0.013783214,-0.5,-0.333333333
-0.54375,-0.895833333,0.196875,0.55,0.853125,-0.95,-0.308900879,0.014656151,-0.5,-0.333333333
-0.54375,-0.891666667,0.196875,0.55,0.853125,-0.945833333,-0.308925195,0.012708503,-0.5,-0.333333333
-0.54375,-0.891666667,0.196875,0.554166667,0.853125,-0.945833333,-0.307732764,0.013749902,-0.5,-0.333333333
-0.54375,-0.8875,0.2,0.554166667,0.853125,-0.945833333,-0.307542529,0.010343111,-0.5,-0.333333333
-0.540625,-0.891666667,0.203125,0.55,0.85625,-0.95,-0.305432275,0.011146517,-0.5,-0.333333333
-0.540625,-0.895833333,0.203125,0.545833333,0.85625,-0.954166667,-0.303750293,0.009378734,-0.5,-0.333333333
-0.540625,-0.891666667,0.203125,0.545833333,0.85625,-0.954166667,-0.303892236,0.008644523,-0.5,-0.333333333
-0.540625,-0.891666667,0.203125,0.545833333,0.85625,-0.954166667,-0.303216455,0.009033203,-0.5,-0.333333333
-0.540625,-0.895833333,0.203125,0.545833333,0.85625,-0.958333333,-0.301728857,0.008228344,-0.5,-0.333333333
-0.54375,-0.895833333,0.203125,0.545833333,0.853125,-0.958333333,-0.302253564,0.0086168,-0.5,-0.333333333
-0.540625,-0.891666667,0.20625,0.541666667,0.85625,-0.958333333,-0.301129004,0.008876144,-0.5,0.333333333
-0.5375,-0.9,0.209375,0.5375,0.85625,-0.966666667,-0.229711475,0.010659131,-0.5,0.333333333
-0.540625,-0.9,0.203125,0.5375,0.853125,-0.9625,-0.209179785,0.004164364,-0.5,0.333333333
-0.540625,-0.9,0.203125,0.533333333,0.853125,-0.966666667,-0.204005371,0.006113465,-0.5,0.333333333
-0.5375,-0.904166667,0.20625,0.529166667,0.85625,-0.970833333,-0.206115625,0.001777174,-0.5,0.333333333
-0.5375,-0.904166667,0.20625,0.533333333,0.85625,-0.966666667,-0.201888818,0.00822309,-0.5,0.333333333
-0.540625,-0.9,0.203125,0.5375,0.85625,-0.9625,-0.197350635,0.00896043,-0.5,0.333333333
-0.540625,-0.895833333,0.2,0.545833333,0.85625,-0.954166667,-0.215437109,0.019797971,-0.5,0.333333333
-0.54375,-0.8875,0.2,0.554166667,0.853125,-0.945833333,-0.218316699,0.019929432,-0.5,0.333333333
-0.540625,-0.875,0.20625,0.566666667,0.859375,-0.9375,-0.225251514,0.019110599,-0.5,0.333333333
-0.5375,-0.866666667,0.209375,0.579166667,0.8625,-0.929166667,-0.216767041,0.009538252,-0.5,0.333333333
-0.54375,-0.845833333,0.209375,0.591666667,0.859375,-0.916666667,-0.223633887,0.01316269,-0.5,0.333333333
-0.55625,-0.858333333,0.196875,0.579166667,0.84375,-0.929166667,-0.214685791,0.012567988,-0.5,0.333333333
-0.55,-0.858333333,0.203125,0.575,0.85,-0.933333333,-0.210482031,0.014716068,-0.5,0.333333333
-0.553125,-0.8625,0.2,0.575,0.846875,-0.933333333,-0.206959619,0.013798417,-0.5,0.333333333
-0.546875,-0.8625,0.209375,0.570833333,0.85,-0.9375,-0.216740918,0.00812919,-0.5,0.333333333
-0.54375,-0.8625,0.2125,0.570833333,0.85625,-0.9375,-0.204816211,-0.004321088,-0.5,0.333333333
-0.546875,-0.870833333,0.20625,0.5625,0.85,-0.945833333,-0.200111768,-0.002837017,-0.5,0.333333333
-0.55,-0.879166667,0.203125,0.558333333,0.846875,-0.954166667,-0.218211084,0.00825875,-0.5,0.333333333
-0.546875,-0.875,0.20625,0.558333333,0.85,-0.95,-0.210155957,0.009431608,-0.5,0.333333333
-0.546875,-0.879166667,0.20625,0.554166667,0.85,-0.954166667,-0.208744287,0.008739877,-0.5,0.333333333
-0.54375,-0.879166667,0.209375,0.554166667,0.853125,-0.958333333,-0.199508691,0.011289715,-0.5,0.333333333
-0.546875,-0.883333333,0.20625,0.55,0.85,-0.958333333,-0.198902295,0.012585315,-0.5,0.333333333
-0.546875,-0.883333333,0.20625,0.55,0.85,-0.958333333,-0.199845361,0.011866308,-0.5,0.333333333
-0.546875,-0.883333333,0.209375,0.55,0.85,-0.958333333,-0.200427832,0.010751242,-0.5,0.333333333
-0.54375,-0.883333333,0.209375,0.55,0.85,-0.958333333,-0.201873682,0.009278797,-0.5,0.333333333
-0.54375,-0.883333333,0.2125,0.55,0.853125,-0.958333333,-0.201302783,0.010251894,-0.5,0.333333333
-0.540625,-0.883333333,0.2125,0.545833333,0.85625,-0.958333333,-0.201342676,0.008777213,-0.5,0.333333333
-0.540625,-0.891666667,0.209375,0.5375,0.853125,-0.966666667,-0.201919824,0.009416741,-0.5,0.333333333
-0.540625,-0.895833333,0.215625,0.5375,0.85625,-0.970833333,-0.202009814,0.009262029,-0.5,0.333333333
-0.5375,-0.891666667,0.2125,0.541666667,0.85625,-0.966666667,-0.204237549,0.012009729,-0.5,0.333333333
-0.54375,-0.9,0.203125,0.5375,0.853125,-0.966666667,-0.19044502,-0.005325261,-0.5,0.333333333
-0.54375,-0.895833333,0.20625,0.541666667,0.853125,-0.966666667,-0.209711719,0.00027913,-0.5,0.333333333
-0.540625,-0.895833333,0.209375,0.5375,0.85625,-0.966666667,-0.215375439,0.002014496,-0.5,0.333333333
-0.540625,-0.895833333,0.209375,0.5375,0.853125,-0.966666667,-0.206322852,0.001012893,-0.5,0.333333333
-0.540625,-0.9,0.2125,0.533333333,0.85625,-0.970833333,-0.206754395,0.003312555,-0.5,0.333333333
-0.540625,-0.895833333,0.209375,0.533333333,0.85625,-0.970833333,-0.204602783,0.004386818,-0.5,0.333333333
-0.540625,-0.904166667,0.209375,0.529166667,0.853125,-0.975,-0.201523877,0.002574655,-0.5,1
-0.540625,-0.904166667,0.209375,0.529166667,0.85625,-0.975,-0.198453125,0.003702129,-0.5,1
-0.540625,-0.9,0.2125,0.533333333,0.85625,-0.975,-0.12823877,0.018576821,-0.5,1
-0.5375,-0.9,0.215625,0.529166667,0.85625,-0.975,-0.101772559,0.021443126,-0.5,1
-0.5375,-0.904166667,0.2125,0.525,0.85625,-0.979166667,-0.096179785,0.020285358,-0.5,1
-0.540625,-0.908333333,0.2125,0.520833333,0.85625,-0.979166667,-0.097432031,0.021206251,-0.5,1
-0.540625,-0.908333333,0.209375,0.520833333,0.853125,-0.979166667,-0.097416016,0.019139216,-0.5,1
-0.540625,-0.9125,0.209375,0.516666667,0.853125,-0.983333333,-0.095196484,0.018203009,-0.5,1
-0.540625,-0.916666667,0.209375,0.516666667,0.853125,-0.983333333,-0.094473145,0.018903572,-0.5,1
-0.540625,-0.9125,0.2125,0.516666667,0.85625,-0.983333333,-0.094824902,0.019607264,-0.5,1
-0.540625,-0.916666667,0.20625,0.5125,0.853125,-0.983333333,-0.093833984,0.021259014,-0.5,1
-0.540625,-0.916666667,0.20625,0.5125,0.853125,-0.983333333,-0.095844629,0.022064768,-0.5,1
-0.5375,-0.916666667,0.209375,0.516666667,0.85625,-0.983333333,-0.098103418,0.022576636,-0.5,1
-0.5375,-0.916666667,0.209375,0.516666667,0.85625,-0.983333333,-0.098153809,0.021825099,-0.5,1
-0.534375,-0.920833333,0.209375,0.5125,0.85625,-0.983333333,-0.09899375,0.023256295,-0.5,1
-0.534375,-0.9125,0.2125,0.520833333,0.859375,-0.979166667,-0.09924668,0.021484487,-0.5,1
-0.534375,-0.920833333,0.2125,0.5125,0.859375,-0.983333333,-0.099782812,0.024227045,-0.5,1
-0.534375,-0.925,0.209375,0.508333333,0.85625,-0.983333333,-0.099671875,0.022438357,-0.5,1
-0.53125,-0.920833333,0.2125,0.5125,0.859375,-0.983333333,-0.098704199,0.024719685,-0.5,1
-0.534375,-0.929166667,0.209375,0.5,0.85625,-0.9875,-0.095698047,0.021881327,-0.5,1
-0.53125,-0.933333333,0.2125,0.5,0.859375,-0.9875,-0.09753125,0.022626045,-0.5,1
-0.534375,-0.925,0.2125,0.508333333,0.859375,-0.983333333,-0.097372754,0.021310771,-0.5,1
-0.53125,-0.920833333,0.2125,0.508333333,0.859375,-0.983333333,-0.097771973,0.019823235,-0.5,1
-0.534375,-0.920833333,0.2125,0.5125,0.859375,-0.983333333,-0.097613477,0.021342071,-0.5,1
-0.534375,-0.920833333,0.215625,0.508333333,0.859375,-0.983333333,-0.097060547,0.020024897,-0.5,1
-0.534375,-0.920833333,0.215625,0.508333333,0.859375,-0.9875,-0.094973047,0.02123811,-0.5,1
-0.53125,-0.925,0.21875,0.504166667,0.8625,-0.9875,-0.091404687,0.020383618,-0.5,1
-0.53125,-0.925,0.21875,0.5,0.8625,-0.9875,-0.091106738,0.019296052,-0.5,1
-0.528125,-0.925,0.221875,0.504166667,0.865625,-0.9875,-0.092246582,0.019406832,-0.5,1
-0.528125,-0.925,0.221875,0.5,0.8625,-0.9875,-0.091599023,0.018962818,-0.5,1
-0.528125,-0.929166667,0.221875,0.495833333,0.865625,-0.991666667,-0.092832715,0.01968898,-0.5,1
-0.528125,-0.929166667,0.221875,0.5,0.8625,-0.991666667,-0.091113379,0.018053551,-0.5,1
-0.528125,-0.929166667,0.221875,0.495833333,0.8625,-0.991666667,-0.090754688,0.020170442,-0.5,1
-0.528125,-0.933333333,0.221875,0.491666667,-1,-1,-0.090481152,0.018459669,-0.5,1
-0.528125,-0.933333333,0.221875,0.491666667,-1,-1,-0.092107227,0.01825443,-0.5,1
-0.525,-0.929166667,0.225,0.491666667,0.865625,-0.991666667,-0.090689648,0.019054594,-0.5,1
-0.525,-0.933333333,0.225,0.491666667,-1,-1,-0.089533008,0.015476213,-0.5,1
-0.525,-0.9375,0.225,0.4875,-1,-1,-0.086761914,0.018749754,-0.5,1
-0.525,-0.9375,0.221875,0.4875,-1,-1,-0.089545117,0.01833827,-0.5,1
-0.525,-0.9375,0.225,0.4875,-1,-1,-0.088003516,0.020325154,-0.5,1
-0.521875,-0.941666667,0.225,0.483333333,-1,-1,-0.088384082,0.021560501,-0.5,1
-0.521875,-0.941666667,0.228125,0.483333333,-1,-1,-0.090231738,0.02102337,-0.5,1
-0.51875,-0.9375,0.228125,0.483333333,-1,-1,-0.090887402,0.022097745,-0.5,1
-0.521875,-0.941666667,0.225,0.483333333,-1,-1,-0.09042002,0.020778111,-0.5,1
-0.51875,-0.941666667,0.23125,0.479166667,-1,-1,-0.09265957,0.021614494,-0.5,1
-0.51875,-0.945833333,0.225,0.479166667,-1,-1,-0.090975977,0.02451277,0,-1
-0.521875,-0.95,0.221875,0.475,-1,-1,-0.094437402,0.024677095,0,-1
-0.521875,-0.954166667,0.221875,0.475,-1,-1,-0.406121924,0.223012177,0,-1
-0.521875,-0.95,0.225,0.475,-1,-1,-0.438133594,0.160776662,0,-1
-0.521875,-0.945833333,0.225,0.483333333,-1,-1,-0.421112939,0.169485015,0,-1
-0.521875,-0.941666667,0.225,0.483333333,-1,-1,-0.428683252,0.178834908,0,-1
-0.521875,-0.941666667,0.221875,0.483333333,-1,-1,-0.424707324,0.177344577,0,-1
-0.521875,-0.941666667,0.221875,0.483333333,-1,-1,-0.419749658,0.175799695,0,-1
-0.521875,-0.945833333,0.225,0.479166667,-1,-1,-0.418124658,0.182146457,0,-1
-0.51875,-0.945833333,0.228125,0.479166667,-1,-1,-0.414519141,0.194246173,0,-1
-0.51875,-0.945833333,0.228125,0.479166667,-1,-1,-0.416290967,0.193143516,0,-1
-0.521875,-0.9375,0.225,0.4875,-1,-1,-0.433810742,0.181658846,0,-1
-0.521875,-0.933333333,0.225,0.491666667,-1,-1,-0.427109912,0.171823578,0,-1
-0.51875,-0.9375,0.228125,0.4875,-1,-1,-0.42846875,0.178298335,0,-1
-0.51875,-0.941666667,0.225,0.483333333,-1,-1,-0.422731738,0.176866133,0,-1
-0.521875,-0.945833333,0.221875,0.475,-1,-1,-0.421308496,0.18785425,0,-1
-0.525,-0.945833333,0.225,0.479166667,-1,-1,-0.42394502,0.172630338,0,-1
-0.51875,-0.941666667,0.23125,0.475,-1,-1,-0.419979883,0.174790938,0,-1
-0.521875,-0.95,0.228125,0.475,-1,-1,-0.420793506,0.187535436,0,-1
-0.515625,-0.9375,0.234375,0.4875,-1,-1,-0.429151172,0.200895093,0,-1
-0.521875,-0.933333333,0.221875,0.491666667,-1,-1,-0.41345752,0.201349391,0,-1
-0.528125,-0.933333333,0.215625,0.495833333,0.8625,-0.9875,-0.411136572,0.200319842,0,-1
-0.521875,-0.9375,0.21875,0.491666667,0.86875,-0.991666667,-0.433086523,0.219742771,0,-1
-0.54375,-0.945833333,0.203125,0.475,-1,-1,-0.405499219,0.203027299,0,-1
-0.53125,-0.954166667,0.215625,0.466666667,-1,-1,-0.40389834,0.19861477,0,-1
-0.515625,-0.9375,0.2375,0.479166667,-1,-1,-0.432688184,0.190500336,0,-1
-0.521875,-0.933333333,0.228125,0.4875,-1,-1,-0.444898828,0.198141357,0,-1
-0.525,-0.9125,0.23125,0.508333333,0.865625,-0.9875,-0.447091895,0.200329009,0,-1
-0.521875,-0.891666667,0.240625,0.525,0.86875,-0.983333333,-0.427750635,0.199930156,0,-1
-0.528125,-0.883333333,0.24375,0.520833333,0.865625,-0.9875,-0.417962891,0.193898631,0,-1
-0.51875,-0.908333333,0.253125,0.495833333,-1,-1,-0.433099414,0.189843593,0,-1
-0.51875,-0.904166667,0.25,0.508333333,-1,-1,-0.41971958,0.198715154,0,-1
-0.528125,-0.895833333,0.24375,0.5125,0.8625,-0.991666667,-0.429673975,0.202710498,0,-1
-0.51875,-0.904166667,0.2625,0.491666667,-1,-1,-0.407626318,0.181056655,0,-1
-0.49375,-0.908333333,0.28125,0.495833333,-1,-1,-0.406556494,0.188176864,0,-1
-0.5125,-0.920833333,0.259375,0.483333333,-1,-1,-0.403938428,0.186854324,0,-1
-0.5125,-0.9125,0.25625,0.5,-1,-1,-0.416434082,0.195528918,0,-1
-0.51875,-0.895833333,0.253125,0.5125,0.86875,-0.9875,-0.411010596,0.18511158,0,-1
-0.509375,-0.9,0.265625,0.5,-1,-1,-0.408130518,0.185764187,0,-1
-0.5125,-0.9125,0.259375,0.4875,-1,-1,-0.403662305,0.182190724,0,-1
-0.509375,-0.920833333,0.2625,0.483333333,-1,-1,-0.418855957,0.165418129,0,-0.333333333
-0.503125,-0.920833333,0.265625,0.483333333,-1,-1,-0.393011035,0.185471978,0,-0.333333333
-0.5,-0.920833333,0.26875,0.479166667,-1,-1,-0.292535986,0.180709224,0,-0.333333333
-0.503125,-0.920833333,0.265625,0.483333333,-1,-1,-0.290967627,0.178084042,0,-0.333333333
-0.5,-0.920833333,0.265625,0.4875,-1,-1,-0.292495801,0.177494259,0,-0.333333333
-0.5,-0.916666667,0.26875,0.4875,-1,-1,-0.292658838,0.177608728,0,-0.333333333
-0.496875,-0.920833333,0.271875,0.483333333,-1,-1,-0.290677197,0.176995805,0,-0.333333333
-0.49375,-0.925,0.278125,0.475,-1,-1,-0.292172559,0.179601648,0,-0.333333333
-0.49375,-0.920833333,0.275,0.483333333,-1,-1,-0.293783545,0.18058503,0,-0.333333333
-0.496875,-0.916666667,0.275,0.4875,-1,-1,-0.296406348,0.182369582,0,-0.333333333
-0.496875,-0.9125,0.271875,0.491666667,-1,-1,-0.296848486,0.180632427,0,-0.333333333
-0.496875,-0.9125,0.275,0.4875,-1,-1,-0.298270508,0.190510285,0,-0.333333333
-0.496875,-0.916666667,0.275,0.483333333,-1,-1,-0.297270361,0.191551795,0,-0.333333333
-0.496875,-0.920833333,0.275,0.483333333,-1,-1,-0.298048242,0.191215543,0,-0.333333333
-0.5,-0.916666667,0.271875,0.4875,-1,-1,-0.297432666,0.190107185,0,-0.333333333
-0.496875,-0.9125,0.271875,0.491666667,-1,-1,-0.298463867,0.192011571,0,-0.333333333
-0.5,-0.9125,0.265625,0.491666667,-1,-1,-0.295327783,0.188438667,0,-0.333333333
-0.5,-0.920833333,0.26875,0.483333333,-1,-1,-0.292809229,0.184521238,0,-0.333333333
-0.496875,-0.925,0.271875,0.475,-1,-1,-0.290097412,0.184660188,0,-0.333333333
-0.496875,-0.929166667,0.275,0.475,-1,-1,-0.288841602,0.184107295,0,-0.333333333
-0.49375,-0.929166667,0.275,0.470833333,-1,-1,-0.288730859,0.182979374,0,-0.333333333
-0.496875,-0.929166667,0.271875,0.470833333,-1,-1,-0.287923047,0.183208312,0,-0.333333333
-0.496875,-0.929166667,0.271875,0.470833333,-1,-1,-0.285846387,0.183404608,0,-0.333333333
-0.496875,-0.933333333,0.271875,0.466666667,-1,-1,-0.28451792,0.181731507,0,-0.333333333
-0.49375,-0.9375,0.275,0.466666667,-1,-1,-0.286485547,0.180711907,0,-0.333333333
-0.496875,-0.929166667,0.271875,0.470833333,-1,-1,-0.288595557,0.183571505,0,-0.333333333
-0.496875,-0.929166667,0.26875,0.475,-1,-1,-0.288597754,0.182800964,0,-0.333333333
-0.5,-0.925,0.26875,0.475,-1,-1,-0.287975195,0.181644426,0,-0.333333333
-0.496875,-0.929166667,0.271875,0.475,-1,-1,-0.287421533,0.179963611,0,-0.333333333
-0.496875,-0.929166667,0.271875,0.470833333,-1,-1,-0.287145752,0.179007729,0,-0.333333333
-0.49375,-0.929166667,0.271875,0.470833333,-1,-1,-0.288327002,0.181185209,0,-0.333333333
-0.49375,-0.933333333,0.271875,0.470833333,-1,-1,-0.287115771,0.180728339,0,-0.333333333
-0.49375,-0.9375,0.271875,0.4625,-1,-1,-0.288436084,0.182071336,0,-0.333333333
-0.496875,-0.933333333,0.271875,0.466666667,-1,-1,-0.288618945,0.182991671,0,-0.333333333
-0.49375,-0.933333333,0.275,0.4625,-1,-1,-0.287941113,0.181845641,0,-0.333333333
-0.49375,-0.933333333,0.275,0.466666667,-1,-1,-0.287651318,0.181183197,0,-0.333333333
-0.49375,-0.933333333,0.275,0.466666667,-1,-1,-0.288696484,0.183852758,0,-0.333333333
-0.49375,-0.933333333,0.271875,0.466666667,-1,-1,-0.287725,0.182932983,0,-0.333333333
-0.49375,-0.941666667,0.271875,0.4625,-1,-1,-0.287757031,0.183139899,0,-0.333333333
-0.496875,-0.933333333,0.271875,0.466666667,-1,-1,-0.284685498,0.180737171,0,-0.333333333
-0.49375,-0.9375,0.275,0.458333333,-1,-1,-0.28332832,0.177777301,0,-0.333333333
-0.49375,-0.941666667,0.278125,0.458333333,-1,-1,-0.282989502,0.17651792,0,-0.333333333
-0.490625,-0.9375,0.278125,0.458333333,-1,-1,-0.28439668,0.175839938,0,-0.333333333
-0.49375,-0.9375,0.278125,0.4625,-1,-1,-0.281147217,0.175445221,0,0.333333333
-0.496875,-0.9375,0.275,0.4625,-1,-1,-0.280201953,0.177354191,0,0.333333333
-0.49375,-0.9375,0.278125,0.4625,-1,-1,-0.188037402,0.194143666,0,0.333333333
-0.49375,-0.9375,0.278125,0.458333333,-1,-1,-0.176877539,0.186162928,0,0.333333333
-0.49375,-0.941666667,0.278125,0.454166667,-1,-1,-0.175082617,0.182207268,0,0.333333333
-0.49375,-0.941666667,0.271875,0.458333333,-1,-1,-0.188554932,0.180027218,0,0.333333333
-0.496875,-0.9375,0.271875,0.4625,-1,-1,-0.189610059,0.180880927,0,0.333333333
-0.49375,-0.941666667,0.271875,0.458333333,-1,-1,-0.18643833,0.18119404,0,0.333333333
-0.496875,-0.941666667,0.271875,0.458333333,-1,-1,-0.185319092,0.181727371,0,0.333333333
-0.496875,-0.941666667,0.271875,0.4625,-1,-1,-0.187016553,0.18324386,0,0.333333333
-0.496875,-0.9375,0.271875,0.4625,-1,-1,-0.18678501,0.183234805,0,0.333333333
-0.49375,-0.9375,0.271875,0.4625,-1,-1,-0.186059521,0.1827131,0,0.333333333
-0.496875,-0.9375,0.26875,0.4625,-1,-1,-0.18681333,0.18303918,0,0.333333333
-0.49375,-0.941666667,0.275,0.458333333,-1,-1,-0.186196631,0.18318506,0,0.333333333
-0.49375,-0.941666667,0.275,0.458333333,-1,-1,-0.185395996,0.183143029,0,0.333333333
-0.4875,-0.941666667,0.28125,0.458333333,-1,-1,-0.187867187,0.184226459,0,0.333333333
-0.4875,-0.9375,0.28125,0.4625,-1,-1,-0.187981738,0.185461023,0,0.333333333
-0.4875,-0.941666667,0.278125,0.458333333,-1,-1,-0.189441748,0.185612941,0,0.333333333
-0.490625,-0.9375,0.275,0.4625,-1,-1,-0.189295068,0.186657469,0,0.333333333
-0.490625,-0.9375,0.275,0.4625,-1,-1,-0.187860596,0.186777304,0,0.333333333
-0.490625,-0.941666667,0.278125,0.458333333,-1,-1,-0.187534521,0.185981946,0,0.333333333
-0.490625,-0.9375,0.278125,0.4625,-1,-1,-0.188732422,0.186705649,0,0.333333333
-0.490625,-0.9375,0.275,0.4625,-1,-1,-0.185683936,0.186641595,0,0.333333333
-0.490625,-0.941666667,0.275,0.458333333,-1,-1,-0.184542773,0.186848176,0,0.333333333
-0.49375,-0.941666667,0.271875,0.4625,-1,-1,-0.184218994,0.184950608,0,0.333333333
-0.49375,-0.941666667,0.275,0.458333333,-1,-1,-0.184060303,0.183167398,0,0.333333333
-0.49375,-0.941666667,0.275,0.4625,-1,-1,-0.183198437,0.182762621,0,0.333333333
-0.49375,-0.9375,0.275,0.4625,-1,-1,-0.184082373,0.18333776,0,0.333333333
-0.49375,-0.9375,0.271875,0.4625,-1,-1,-0.184857666,0.182543632,0,0.333333333
-0.49375,-0.941666667,0.271875,0.458333333,-1,-1,-0.181772705,0.180267558,0,0.333333333
-0.49375,-0.941666667,0.26875,0.458333333,-1,-1,-0.181881689,0.181160616,0,0.333333333
-0.49375,-0.945833333,0.271875,0.454166667,-1,-1,-0.181348437,0.18122657,0,0.333333333
-0.49375,-0.945833333,0.26875,0.458333333,-1,-1,-0.181291113,0.181497092,0,0.333333333
-0.49375,-0.945833333,0.26875,0.458333333,-1,-1,-0.182265332,0.181960221,0,0.333333333
-0.49375,-0.941666667,0.26875,0.4625,-1,-1,-0.183492773,0.182373047,0,0.333333333
-0.49375,-0.941666667,0.26875,0.4625,-1,-1,-0.183283984,0.183497055,0,0.333333333
-0.49375,-0.941666667,0.26875,0.4625,-1,-1,-0.182572852,0.183276166,0,0.333333333
-0.49375,-0.941666667,0.26875,0.4625,-1,-1,-0.181039404,0.182052221,0,0.333333333
-0.49375,-0.941666667,0.26875,0.458333333,-1,-1,-0.1811875,0.184273968,0,0.333333333
-0.49375,-0.945833333,0.26875,0.458333333,-1,-1,-0.183793018,0.18412015,0,0.333333333
-0.49375,-0.941666667,0.26875,0.4625,-1,-1,-0.185913623,0.185248071,0,0.333333333
-0.49375,-0.941666667,0.26875,0.4625,-1,-1,-0.18784834,0.184682993,0,0.333333333
-0.490625,-0.9375,0.271875,0.466666667,-1,-1,-0.187981055,0.184601948,0,0.333333333
-0.490625,-0.9375,0.271875,0.466666667,-1,-1,-0.19010376,0.185498248,0,0.333333333
-0.490625,-0.933333333,0.271875,0.470833333,-1,-1,-0.189115723,0.184248481,0,1
-0.490625,-0.9375,0.271875,0.466666667,-1,-1,-0.190575781,0.185598855,0,1
-0.490625,-0.9375,0.26875,0.466666667,-1,-1,-0.095023145,0.20325266,0,1
-0.490625,-0.929166667,0.26875,0.475,-1,-1,-0.084720313,0.194480141,0,1
-0.49375,-0.933333333,0.26875,0.470833333,-1,-1,-0.082122461,0.194212079,0,1
-0.49375,-0.9375,0.26875,0.470833333,-1,-1,-0.081285254,0.190739111,0,1
-0.49375,-0.933333333,0.26875,0.470833333,-1,-1,-0.078641797,0.189279521,0,1
-0.490625,-0.9375,0.271875,0.466666667,-1,-1,-0.076828223,0.188747979,0,1
-0.490625,-0.933333333,0.271875,0.470833333,-1,-1,-0.077485547,0.187764262,0,1
-0.490625,-0.9375,0.271875,0.466666667,-1,-1,-0.079715332,0.187283694,0,1
-0.49375,-0.933333333,0.26875,0.470833333,-1,-1,-0.0795125,0.186494597,0,1
-0.490625,-0.9375,0.275,0.466666667,-1,-1,-0.078864746,0.18671761,0,1
-0.49375,-0.9375,0.26875,0.466666667,-1,-1,-0.076198535,0.186571282,0,1
-0.490625,-0.941666667,0.271875,0.4625,-1,-1,-0.074841895,0.185876532,0,1
-0.490625,-0.941666667,0.271875,0.458333333,-1,-1,-0.075804883,0.184669914,0,1
-0.490625,-0.9375,0.275,0.466666667,-1,-1,-0.074829492,0.187345959,0,1
-0.49375,-0.9375,0.271875,0.4625,-1,-1,-0.076299219,0.188495454,0,1
-0.49375,-0.941666667,0.271875,0.4625,-1,-1,-0.075462207,0.186545348,0,1
-0.490625,-0.9375,0.275,0.4625,-1,-1,-0.075945313,0.185984405,0,1
-0.490625,-0.941666667,0.275,0.4625,-1,-1,-0.074463574,0.187104501,0,1
-0.49375,-0.941666667,0.271875,0.4625,-1,-1,-0.076031738,0.186932351,0,1
-0.490625,-0.941666667,0.278125,0.458333333,-1,-1,-0.0770125,0.184492733,0,1
-0.484375,-0.9375,0.284375,0.4625,-1,-1,-0.079340332,0.187308063,0,1
-0.484375,-0.933333333,0.2875,0.470833333,-1,-1,-0.082332813,0.189258953,0,1
-0.484375,-0.920833333,0.290625,0.475,-1,-1,-0.081851172,0.188262828,0,1
-0.4875,-0.941666667,0.290625,0.45,-1,-1,-0.058632129,0.16997978,0,1
-0.490625,-0.941666667,0.290625,0.445833333,-1,-1,-0.069040332,0.175845862,0,1
-0.49375,-0.95,0.2875,0.441666667,-1,-1,-0.067214941,0.172301352,0,1
-0.48125,-0.958333333,0.303125,0.433333333,-1,-1,-0.073186914,0.172802936,0,1
-0.4875,-0.945833333,0.284375,0.4625,-1,-1,-0.08219043,0.176074241,0,1
-0.4875,-0.925,0.290625,0.483333333,-1,-1,-0.089977344,0.178703448,0,1
-0.484375,-0.920833333,0.3,0.483333333,-1,-1,-0.087131934,0.176374498,0,1
-0.48125,-0.9125,0.309375,0.4875,-1,-1,-0.08858291,0.174339434,0,1
-0.484375,-0.908333333,0.30625,0.4875,-1,-1,-0.089625293,0.176631383,0,1
-0.4875,-0.9,0.303125,0.495833333,-1,-1,-0.085709082,0.177220383,0,1
-0.496875,-0.908333333,0.29375,0.4875,-1,-1,-0.083895996,0.17612611,0,1
-0.484375,-0.9125,0.309375,0.483333333,-1,-1,-0.082299219,0.171459156,0,1
-0.478125,-0.920833333,0.309375,0.470833333,-1,-1,-0.075981348,0.175723233,0,1
-0.48125,-0.941666667,0.309375,0.445833333,-1,-1,-0.06442168,0.171449095,0,1
-0.478125,-0.958333333,0.30625,0.429166667,-1,-1,-0.078105762,0.180824252,0,1
-0.49375,-0.9375,0.2875,0.4625,-1,-1,-0.079125293,0.181035639,0,1
-0.49375,-0.945833333,0.284375,0.45,-1,-1,-0.072624902,0.182497353,0,1
-0.496875,-0.958333333,0.28125,0.441666667,-1,-1,-0.070062402,0.183481181,0.5,-1
-0.5,-0.970833333,0.28125,0.416666667,-1,-1,-0.069446875,0.183425736,0.5,-1
-0.490625,-0.975,0.296875,0.4125,-1,-1,-0.357625732,0.35450862,0.5,-1
-0.478125,-0.966666667,0.3125,0.420833333,-1,-1,-0.400215381,0.363946041,0.5,-1
-0.459375,-0.966666667,0.33125,0.420833333,-1,-1,-0.402258301,0.352392176,0.5,-1
-0.446875,-0.954166667,0.340625,0.4375,-1,-1,-0.414557666,0.357633151,0.5,-1
-0.471875,-0.95,0.3125,0.4375,-1,-1,-0.442422314,0.359499082,0.5,-1
-0.475,-0.954166667,0.30625,0.441666667,-1,-1,-0.441216699,0.368775197,0.5,-1
-0.484375,-0.954166667,0.29375,0.445833333,-1,-1,-0.439171924,0.364895999,0.5,-1
-0.484375,-0.9375,0.29375,0.4625,-1,-1,-0.430796582,0.383089506,0.5,-1
-0.5,-0.945833333,0.271875,0.4625,-1,-1,-0.432908936,0.393899324,0.5,-1
-0.521875,-0.9375,0.24375,0.475,-1,-1,-0.425416406,0.389781463,0.5,-1
-0.51875,-0.95,0.25,0.4625,-1,-1,-0.424552588,0.386778444,0.5,-1
-0.50625,-0.95,0.265625,0.4625,-1,-1,-0.43173584,0.373902932,0.5,-1
-0.5,-0.941666667,0.278125,0.458333333,-1,-1,-0.416723926,0.378152477,0.5,-1
-0.496875,-0.95,0.28125,0.458333333,-1,-1,-0.420062646,0.37761501,0.5,-1
-0.5,-0.9375,0.271875,0.466666667,-1,-1,-0.402710791,0.377986251,0.5,-1
-0.50625,-0.95,0.265625,0.454166667,-1,-1,-0.39903252,0.37331572,0.5,-1
-0.5,-0.954166667,0.271875,0.45,-1,-1,-0.411694873,0.383500207,0.5,-1
-0.5,-0.966666667,0.265625,0.441666667,-1,-1,-0.396511426,0.377024556,0.5,-1
-0.503125,-0.966666667,0.2625,0.441666667,-1,-1,-0.398917041,0.375490405,0.5,-1
-0.49375,-0.966666667,0.275,0.445833333,-1,-1,-0.401482178,0.371165181,0.5,-1
-0.4875,-0.958333333,0.2875,0.45,-1,-1,-0.399104834,0.369625776,0.5,-1
-0.484375,-0.9625,0.2875,0.445833333,-1,-1,-0.398818701,0.377489362,0.5,-1
-0.496875,-0.970833333,0.26875,0.445833333,-1,-1,-0.394961865,0.379511683,0.5,-1
-0.496875,-0.979166667,0.26875,0.433333333,-1,-1,-0.397160938,0.378882775,0.5,-1
-0.49375,-0.975,0.271875,0.4375,-1,-1,-0.3957771,0.375028058,0.5,-1
-0.4875,-0.970833333,0.28125,0.441666667,-1,-1,-0.39865791,0.368070609,0.5,-1
-0.471875,-0.95,0.290625,0.458333333,-1,-1,-0.396329541,0.372283824,0.5,-1
-0.475,-0.9625,0.284375,0.445833333,-1,-1,-0.394117041,0.373105227,0.5,-1
-0.471875,-0.966666667,0.284375,0.441666667,-1,-1,-0.391413232,0.372121399,0.5,-1
-0.475,-0.970833333,0.28125,0.4375,-1,-1,-0.390964648,0.368773296,0.5,-1
-0.46875,-0.975,0.290625,0.429166667,-1,-1,-0.39640918,0.369832133,0.5,-1
-0.46875,-0.966666667,0.29375,0.441666667,-1,-1,-0.398729541,0.372518463,0.5,-1
-0.46875,-0.9625,0.29375,0.441666667,-1,-1,-0.398179102,0.371568617,0.5,-1
-0.471875,-0.9625,0.290625,0.441666667,-1,-1,-0.398664453,0.374016619,0.5,-1
-0.471875,-0.9625,0.290625,0.441666667,-1,-1,-0.396549414,0.372508961,0.5,-1
-0.471875,-0.966666667,0.2875,0.441666667,-1,-1,-0.400305957,0.375099266,0.5,-1
-0.478125,-0.958333333,0.284375,0.445833333,-1,-1,-0.397448975,0.374467787,0.5,-1
-0.475,-0.966666667,0.2875,0.441666667,-1,-1,-0.395269922,0.373224503,0.5,-1
-0.475,-0.966666667,0.2875,0.4375,-1,-1,-0.394865674,0.37525599,0.5,-1
-0.475,-0.966666667,0.2875,0.4375,-1,-1,-0.394390674,0.374058203,0.5,-1
-0.475,-0.966666667,0.28125,0.4375,-1,-1,-0.391259473,0.374589634,0.5,-1
-0.478125,-0.970833333,0.278125,0.433333333,-1,-1,-0.390709766,0.375371018,0.5,-1
-0.478125,-0.970833333,0.278125,0.433333333,-1,-1,-0.392606885,0.372698214,0.5,-0.333333333
-0.478125,-0.970833333,0.28125,0.433333333,-1,-1,-0.39116001,0.372313,0.5,-0.333333333
-0.475,-0.975,0.28125,0.429166667,-1,-1,-0.269603662,0.386278201,0.5,-0.333333333
-0.475,-0.979166667,0.278125,0.420833333,-1,-1,-0.280885498,0.377166524,0.5,-0.333333333
-0.478125,-0.979166667,0.275,0.425,-1,-1,-0.283422168,0.375076462,0.5,-0.333333333
-0.478125,-0.979166667,0.275,0.429166667,-1,-1,-0.285096533,0.370307224,0.5,-0.333333333
-0.478125,-0.979166667,0.275,0.429166667,-1,-1,-0.295906689,0.370275029,0.5,-0.333333333
-0.478125,-0.979166667,0.275,0.429166667,-1,-1,-0.291755908,0.371805156,0.5,-0.333333333
-0.478125,-0.979166667,0.278125,0.425,-1,-1,-0.288542334,0.370495136,0.5,-0.333333333
-0.471875,-0.983333333,0.278125,0.420833333,-1,-1,-0.289808154,0.371744903,0.5,-0.333333333
-0.475,-0.979166667,0.275,0.429166667,-1,-1,-0.292254736,0.371384729,0.5,-0.333333333
-0.475,-0.979166667,0.275,0.425,-1,-1,-0.291508691,0.373681819,0.5,-0.333333333
-0.478125,-0.983333333,0.26875,0.425,-1,-1,-0.291557666,0.372054886,0.5,-0.333333333
-0.478125,-0.979166667,0.271875,0.425,-1,-1,-0.290237598,0.371121808,0.5,-0.333333333
-0.478125,-0.983333333,0.26875,0.420833333,-1,-1,-0.290420508,0.371870104,0.5,-0.333333333
-0.478125,-0.979166667,0.26875,0.425,-1,-1,-0.290444482,0.373663263,0.5,-0.333333333
-0.478125,-0.983333333,0.26875,0.425,-1,-1,-0.288923828,0.375646682,0.5,-0.333333333
-0.48125,-0.983333333,0.265625,0.425,-1,-1,-0.288622852,0.375109327,0.5,-0.333333333
-0.48125,-0.983333333,0.265625,0.420833333,-1,-1,-0.28578374,0.37371938,0.5,-0.333333333
-0.48125,-0.983333333,0.26875,0.416666667,-1,-1,-0.283549756,0.371048253,0.5,-0.333333333
-0.48125,-0.983333333,0.265625,0.416666667,-1,-1,-0.282557568,0.371756529,0.5,-0.333333333
-0.484375,-0.983333333,0.259375,0.416666667,-1,-1,-0.283669531,0.3747847,0.5,-0.333333333
-0.484375,-0.983333333,0.259375,0.420833333,-1,-1,-0.288426611,0.374463986,0.5,-0.333333333
-0.4875,-0.9875,0.25625,0.4125,-1,-1,-0.303118506,0.400106241,0.5,-0.333333333
-0.4875,-0.991666667,0.25625,0.408333333,-1,-1,-0.312124512,0.394167051,0.5,-0.333333333
-0.4875,-0.991666667,0.25625,0.408333333,-1,-1,-0.315143311,0.386441968,0.5,-0.333333333
-0.4875,-0.991666667,0.253125,0.4,-1,-1,-0.315930371,0.384631817,0.5,-0.333333333
0.253125,0.391666667,-1,-1,-1,-1,-0.321156152,0.387053773,0.5,-0.333333333
0.253125,0.391666667,-1,-1,-1,-1,-0.317925439,0.388939491,0.5,-0.333333333
0.25,0.395833333,-1,-1,-1,-1,-0.316901074,0.388607486,0.5,-0.333333333
0.25,0.395833333,-1,-1,-1,-1,-0.311643018,0.39872166,0.5,-0.333333333
0.246875,0.395833333,-1,-1,-1,-1,-0.310462256,0.393389915,0.5,-0.333333333
0.25,0.395833333,-1,-1,-1,-1,-0.312013525,0.395193247,0.5,-0.333333333
0.253125,0.395833333,-1,-1,-1,-1,-0.314443262,0.396558266,0.5,-0.333333333
0.25,0.395833333,-1,-1,-1,-1,-0.315901904,0.398154458,0.5,-0.333333333
0.25,0.4,-1,-1,-1,-1,-0.320975,0.401153229,0.5,-0.333333333
0.246875,0.4,-1,-1,-1,-1,-0.318789648,0.40190499,0.5,-0.333333333
0.246875,0.395833333,-1,-1,-1,-1,-0.316814307,0.402427031,0.5,-0.333333333
0.24375,0.4,-1,-1,-1,-1,-0.320875439,0.405550555,0.5,-0.333333333
0.24375,0.395833333,-1,-1,-1,-1,-0.317544141,0.403817313,0.5,-0.333333333
0.24375,0.395833333,-1,-1,-1,-1,-0.319928467,0.406292479,0.5,-0.333333333
0.24375,0.4,-1,-1,-1,-1,-0.31997041,0.406333504,0.5,-0.333333333
-0.490625,-0.991666667,0.246875,0.404166667,-1,-1,-0.321091602,0.407720098,0.5,-0.333333333
-0.490625,-0.991666667,0.246875,0.404166667,-1,-1,-0.315623047,0.405599629,0.5,-0.333333333
0.246875,0.4,-1,-1,-1,-1,-0.315101074,0.405355377,0.5,0.333333333
0.25,0.4,-1,-1,-1,-1,-0.313055811,0.404375684,0.5,0.333333333
-0.490625,-0.991666667,0.25,0.404166667,-1,-1,-0.184684082,0.395224211,0.5,0.333333333
0.253125,0.4,-1,-1,-1,-1,-0.197788623,0.393745506,0.5,0.333333333
0.25,0.4,-1,-1,-1,-1,-0.204913965,0.391777178,0.5,0.333333333
0.25,0.395833333,-1,-1,-1,-1,-0.204285107,0.392840487,0.5,0.333333333
0.253125,0.395833333,-1,-1,-1,-1,-0.205574316,0.393997248,0.5,0.333333333
0.253125,0.4,-1,-1,-1,-1,-0.211528467,0.390943814,0.5,0.333333333
-0.484375,-0.991666667,0.25625,0.404166667,-1,-1,-0.173606934,0.401781019,0.5,0.333333333
-0.4875,-0.991666667,0.253125,0.404166667,-1,-1,-0.200537207,0.400130387,0.5,0.333333333
-0.4875,-0.991666667,0.253125,0.404166667,-1,-1,-0.207180615,0.398681305,0.5,0.333333333
-0.4875,-0.991666667,0.253125,0.4,-1,-1,-0.198508252,0.397686075,0.5,0.333333333
-0.490625,-0.991666667,0.253125,0.4,-1,-1,-0.198399072,0.397317404,0.5,0.333333333
-0.4875,-0.991666667,0.253125,0.4,-1,-1,-0.202635742,0.397545224,0.5,0.333333333
0.253125,0.4,-1,-1,-1,-1,-0.198883398,0.400403592,0.5,0.333333333
0.25625,0.4,-1,-1,-1,-1,-0.20018042,0.400379111,0.5,0.333333333
0.253125,0.4,-1,-1,-1,-1,-0.206961328,0.399725051,0.5,0.333333333
0.253125,0.4,-1,-1,-1,-1,-0.20206123,0.401132437,0.5,0.333333333
-0.4875,-0.991666667,0.25,0.404166667,-1,-1,-0.201266162,0.398392562,0.5,0.333333333
-0.4875,-0.991666667,0.25,0.4,-1,-1,-0.200865625,0.39901957,0.5,0.333333333
-0.4875,-0.991666667,0.25,0.404166667,-1,-1,-0.200882324,0.400187845,0.5,0.333333333
-0.4875,-0.991666667,0.25,0.404166667,-1,-1,-0.203947168,0.389767601,0.5,0.333333333
-0.4875,-0.991666667,0.253125,0.404166667,-1,-1,-0.20602915,0.390127441,0.5,0.333333333
-0.4875,-0.991666667,0.25,0.408333333,-1,-1,-0.203660254,0.38912349,0.5,0.333333333
-0.490625,-0.991666667,0.25,0.404166667,-1,-1,-0.205127344,0.388318072,0.5,0.333333333
0.25,0.4,-1,-1,-1,-1,-0.202355176,0.391030224,0.5,0.333333333
-0.490625,-0.991666667,0.253125,0.4,-1,-1,-0.203349756,0.389985919,0.5,0.333333333
0.253125,0.391666667,-1,-1,-1,-1,-0.202761523,0.387569218,0.5,0.333333333
0.253125,0.395833333,-1,-1,-1,-1,-0.203979199,0.388869401,0.5,0.333333333
0.253125,0.395833333,-1,-1,-1,-1,-0.205473682,0.394968892,0.5,0.333333333
-0.49375,-0.991666667,0.246875,0.4,-1,-1,-0.215030273,0.400497381,0.5,0.333333333
0.240625,0.391666667,-1,-1,-1,-1,-0.211022266,0.401864412,0.5,0.333333333
-0.496875,-0.991666667,0.24375,0.404166667,-1,-1,-0.212069287,0.399955777,0.5,0.333333333
-0.496875,-0.991666667,0.253125,0.395833333,-1,-1,-0.207039307,0.395336556,0.5,0.333333333
0.25625,0.395833333,-1,-1,-1,-1,-0.211273486,0.393198873,0.5,0.333333333
-0.4875,-0.991666667,0.259375,0.395833333,-1,-1,-0.204670752,0.39579309,0.5,0.333333333
0.25,0.391666667,-1,-1,-1,-1,-0.207872949,0.392961998,0.5,0.333333333
0.25625,0.391666667,-1,-1,-1,-1,-0.213227197,0.391939715,0.5,0.333333333
0.259375,0.3875,-1,-1,-1,-1,-0.210457031,0.389966692,0.5,0.333333333
0.259375,0.383333333,-1,-1,-1,-1,-0.209221484,0.397915683,0.5,0.333333333
0.2625,0.383333333,-1,-1,-1,-1,-0.209565967,0.392996093,0.5,0.333333333
0.25,0.3625,-1,-1,-1,-1,-0.20764458,0.399856847,0.5,0.333333333
0.240625,0.370833333,-1,-1,-1,-1,-0.202141455,0.410009363,0.5,1
0.2375,0.341666667,-1,-1,-1,-1,-0.21378374,0.410451589,0.5,1
0.25625,0.4125,-1,-1,-1,-1,-0.165756445,0.410571759,0.5,1
-0.5,-0.991666667,0.25,0.416666667,-1,-1,-0.1482,0.409329145,0.5,1
-0.5125,-0.9875,0.240625,0.4375,-1,-1,-0.125760742,0.410522796,0.5,1
-0.50625,-0.9875,0.246875,0.416666667,-1,-1,-0.113089746,0.411659772,0.5,1
-0.503125,-0.991666667,0.25,0.4125,-1,-1,-0.118066797,0.401332534,0.5,1
-0.46875,-0.958333333,0.296875,0.45,-1,-1,0.108800879,-0.81593619,0.5,1
0.2875,0.391666667,-1,-1,-1,-1,-0.067274219,0.376250103,0.5,1
0.28125,0.395833333,-1,-1,-1,-1,-0.061192578,0.369580056,0.5,1
-0.475,-0.991666667,0.28125,0.408333333,-1,-1,-0.07205791,0.371539217,0.5,1
-0.475,-0.991666667,0.28125,0.4,-1,-1,-0.071207129,0.390520927,0.5,1
0.28125,0.4,-1,-1,-1,-1,-0.082570898,0.399468838,0.5,1
0.28125,0.395833333,-1,-1,-1,-1,-0.072940039,0.383295751,0.5,1
0.28125,0.395833333,-1,-1,-1,-1,-0.067342383,0.37893632,0.5,1
-0.478125,-0.991666667,0.275,0.408333333,-1,-1,-0.072331641,0.379523309,0.5,1
-0.48125,-0.991666667,0.26875,0.4125,-1,-1,-0.072620898,0.375492529,0.5,1
-0.478125,-0.991666667,0.275,0.408333333,-1,-1,-0.072714648,0.375004471,0.5,1
-0.478125,-0.991666667,0.271875,0.408333333,-1,-1,-0.077281543,0.372115698,0.5,1
-0.471875,-0.991666667,0.275,0.408333333,-1,-1,-0.072600781,0.372693743,0.5,1
-0.471875,-0.991666667,0.275,0.4125,-1,-1,-0.076114844,0.371796437,0.5,1
-0.475,-0.991666667,0.271875,0.408333333,-1,-1,-0.070972168,0.372084956,0.5,1
-0.475,-0.991666667,0.271875,0.408333333,-1,-1,-0.074058496,0.372369005,0.5,1
-0.478125,-0.991666667,0.26875,0.408333333,-1,-1,-0.072190039,0.37336267,0.5,1
-0.478125,-0.991666667,0.26875,0.4125,-1,-1,-0.069913672,0.373670082,0.5,1
-0.48125,-0.991666667,0.26875,0.408333333,-1,-1,-0.089004492,0.39048482,0.5,1
-0.48125,-0.991666667,0.26875,0.408333333,-1,-1,-0.069196582,0.368815104,0.5,1
-0.478125,-0.991666667,0.271875,0.408333333,-1,-1,-0.064130566,0.371960427,0.5,1
-0.478125,-0.991666667,0.26875,0.404166667,-1,-1,-0.062310547,0.371196034,0.5,1
0.26875,0.4,-1,-1,-1,-1,-0.066073828,0.381011404,0.5,1
0.265625,0.395833333,-1,-1,-1,-1,-0.065080078,0.374549614,0.5,1
0.253125,0.4,-1,-1,-1,-1,-0.066954688,0.374683646,0.5,1
0.2625,0.404166667,-1,-1,-1,-1,-0.06602832,0.375684466,0.5,1
0.2625,0.404166667,-1,-1,-1,-1,-0.065833203,0.375669822,0.5,1
-0.4875,-0.991666667,0.2625,0.404166667,-1,-1,-0.062307227,0.375655401,0.5,1
-0.4875,-0.991666667,0.2625,0.404166667,-1,-1,-0.066933984,0.372398069,0.5,1
-0.4875,-0.991666667,0.2625,0.408333333,-1,-1,-0.064878711,0.37239438,0.5,1
-0.484375,-0.991666667,0.2625,0.408333333,-1,-1,-0.068883008,0.372676863,0.5,1
-0.484375,-0.991666667,0.265625,0.4125,-1,-1,-0.069352246,0.374448001,1,-1
-0.48125,-0.991666667,0.26875,0.408333333,-1,-1,-0.075507617,0.38048042,1,-1
-0.48125,-0.991666667,0.265625,0.408333333,-1,-1,-0.419666602,0.584906945,1,-1
-0.48125,-0.991666667,0.265625,0.408333333,-1,-1,-0.390112939,0.598434169,1,-1
-0.484375,-0.991666667,0.259375,0.4125,-1,-1,-0.344894873,0.609120128,1,-1
-0.484375,-0.9875,0.259375,0.420833333,-1,-1,-0.379592773,0.622222118,1,-1
-0.484375,-0.9875,0.259375,0.420833333,-1,-1,-0.424164746,0.589303935,1,-1
-0.484375,-0.9875,0.259375,0.425,-1,-1,-0.419691504,0.580090645,1,-1
-0.484375,-0.9875,0.2625,0.425,-1,-1,-0.414498145,0.577410352,1,-1
-0.484375,-0.9875,0.265625,0.425,-1,-1,-0.417516748,0.578068436,1,-1
-0.484375,-0.983333333,0.265625,0.429166667,-1,-1,-0.417492383,0.57920843,1,-1
-0.484375,-0.983333333,0.265625,0.425,-1,-1,-0.418639746,0.577975654,1,-1
-0.484375,-0.983333333,0.26875,0.425,-1,-1,-0.413391748,0.575081514,1,-1
-0.48125,-0.983333333,0.26875,0.420833333,-1,-1,-0.410125928,0.571429242,1,-1
-0.48125,-0.9875,0.271875,0.420833333,-1,-1,-0.414439746,0.573546581,1,-1
-0.48125,-0.983333333,0.271875,0.420833333,-1,-1,-0.410586133,0.570362245,1,-1
-0.48125,-0.9875,0.26875,0.416666667,-1,-1,-0.412957617,0.571344285,1,-1
-0.48125,-0.9875,0.26875,0.420833333,-1,-1,-0.41794375,0.572918343,1,-1
-0.48125,-0.9875,0.271875,0.416666667,-1,-1,-0.414896973,0.572568789,1,-1
-0.48125,-0.9875,0.26875,0.416666667,-1,-1,-0.417359082,0.572057815,1,-1
-0.48125,-0.9875,0.271875,0.420833333,-1,-1,-0.415658691,0.575868935,1,-1
-0.48125,-0.9875,0.26875,0.416666667,-1,-1,-0.388998437,0.589445456,1,-1
-0.48125,-0.9875,0.26875,0.416666667,-1,-1,-0.398744678,0.595436292,1,-1
-0.48125,-0.9875,0.271875,0.416666667,-1,-1,-0.424316455,0.575741164,1,-1
-0.478125,-0.9875,0.275,0.416666667,-1,-1,-0.42302417,0.575622559,1,-1
-0.478125,-0.9875,0.271875,0.416666667,-1,-1,-0.422983594,0.580148215,1,-1
-0.478125,-0.9875,0.271875,0.416666667,-1,-1,-0.403286084,0.605020712,1,-1
-0.475,-0.9875,0.271875,0.420833333,-1,-1,-0.425359131,0.581294357,1,-1
-0.478125,-0.9875,0.26875,0.420833333,-1,-1,-0.429200098,0.585778987,1,-1
-0.478125,-0.9875,0.265625,0.425,-1,-1,-0.428736914,0.587827131,1,-1
-0.478125,-0.9875,0.265625,0.425,-1,-1,-0.431799023,0.591286795,1,-1
-0.48125,-0.9875,0.2625,0.420833333,-1,-1,-0.430321631,0.587969211,1,-1
-0.478125,-0.983333333,0.265625,0.429166667,-1,-1,-0.418245898,0.579905975,1,-1
-0.478125,-0.9875,0.26875,0.425,-1,-1,-0.420659326,0.580013401,1,-1
-0.48125,-0.983333333,0.26875,0.429166667,-1,-1,-0.420344727,0.579647525,1,-1
-0.478125,-0.983333333,0.271875,0.429166667,-1,-1,-0.418967578,0.57628612,1,-1
-0.478125,-0.983333333,0.275,0.429166667,-1,-1,-0.41601543,0.577088744,1,-1
-0.475,-0.983333333,0.278125,0.425,-1,-1,-0.415828564,0.5739252,1,-1
-0.478125,-0.983333333,0.278125,0.429166667,-1,-1,-0.425246094,0.587433867,1,-1
-0.48125,-0.979166667,0.271875,0.429166667,-1,-1,-0.426619238,0.585500864,1,-1
-0.478125,-0.979166667,0.275,0.429166667,-1,-1,-0.42589624,0.583674504,1,-1
-0.48125,-0.979166667,0.271875,0.4375,-1,-1,-0.42494668,0.586568644,1,-1
-0.475,-0.975,0.278125,0.445833333,-1,-1,-0.362292285,0.627829639,1,-1
-0.46875,-0.958333333,0.2875,0.454166667,-1,-1,-0.384397217,0.614388937,1,-1
-0.478125,-0.970833333,0.275,0.445833333,-1,-1,-0.422497461,0.579369402,1,-0.333333333
-0.48125,-0.966666667,0.275,0.45,-1,-1,-0.399833789,0.594927442,1,-0.333333333
-0.478125,-0.966666667,0.278125,0.445833333,-1,-1,-0.341496973,0.584025959,1,-0.333333333
-0.478125,-0.970833333,0.278125,0.441666667,-1,-1,-0.306861035,0.573669434,1,-0.333333333
-0.471875,-0.979166667,0.284375,0.433333333,-1,-1,-0.292737305,0.560416644,1,-0.333333333
-0.46875,-0.979166667,0.290625,0.429166667,-1,-1,-0.131890137,0.626018259,1,-0.333333333
-0.46875,-0.983333333,0.284375,0.425,-1,-1,-0.280843408,0.596137637,1,-0.333333333
-0.471875,-0.979166667,0.28125,0.433333333,-1,-1,-0.291569678,0.634440551,1,-0.333333333
-0.471875,-0.979166667,0.284375,0.433333333,-1,-1,-0.298320459,0.594925765,1,-0.333333333
-0.471875,-0.979166667,0.28125,0.433333333,-1,-1,-0.312019531,0.610020229,1,-0.333333333
-0.471875,-0.979166667,0.278125,0.4375,-1,-1,-0.304770215,0.57746032,1,-0.333333333
-0.475,-0.975,0.278125,0.441666667,-1,-1,-0.303059619,0.580478431,1,-0.333333333
-0.475,-0.975,0.28125,0.441666667,-1,-1,-0.302472266,0.574967716,1,-0.333333333
-0.471875,-0.975,0.28125,0.4375,-1,-1,-0.309277686,0.590670743,1,-0.333333333
-0.471875,-0.975,0.284375,0.4375,-1,-1,-0.300707373,0.571852129,1,-0.333333333
-0.475,-0.975,0.28125,0.441666667,-1,-1,-0.318213037,0.581751114,1,-0.333333333
-0.475,-0.975,0.28125,0.4375,-1,-1,-0.301034814,0.573353526,1,-0.333333333
-0.478125,-0.975,0.278125,0.4375,-1,-1,-0.300739014,0.571495084,1,-0.333333333
-0.475,-0.975,0.28125,0.433333333,-1,-1,-0.303413037,0.572308439,1,-0.333333333
-0.475,-0.979166667,0.284375,0.429166667,-1,-1,-0.305161963,0.576931461,1,-0.333333333
-0.475,-0.979166667,0.28125,0.425,-1,-1,-0.297364063,0.561824365,1,-0.333333333
-0.475,-0.979166667,0.28125,0.425,-1,-1,-0.297893018,0.559347747,1,-0.333333333
-0.475,-0.979166667,0.28125,0.425,-1,-1,-0.302102588,0.573656578,1,-0.333333333
-0.475,-0.983333333,0.28125,0.425,-1,-1,-0.296972803,0.564982655,1,-0.333333333
-0.475,-0.983333333,0.284375,0.420833333,-1,-1,-0.296773682,0.561554626,1,-0.333333333
-0.471875,-0.983333333,0.284375,0.420833333,-1,-1,-0.298372559,0.567399245,1,-0.333333333
-0.46875,-0.983333333,0.2875,0.420833333,-1,-1,-0.303602881,0.572480254,1,-0.333333333
-0.46875,-0.979166667,0.2875,0.425,-1,-1,-0.306929443,0.574062697,1,-0.333333333
-0.471875,-0.979166667,0.284375,0.425,-1,-1,-0.303961279,0.570934254,1,-0.333333333
-0.471875,-0.983333333,0.28125,0.425,-1,-1,-0.300882031,0.57030937,1,-0.333333333
-0.475,-0.979166667,0.278125,0.429166667,-1,-1,-0.306786084,0.580436846,1,-0.333333333
-0.471875,-0.979166667,0.28125,0.433333333,-1,-1,-0.301882373,0.578874078,1,-0.333333333
-0.471875,-0.979166667,0.28125,0.425,-1,-1,-0.296903076,0.572867481,1,-0.333333333
-0.475,-0.983333333,0.278125,0.425,-1,-1,-0.3056479,0.573036613,1,-0.333333333
-0.475,-0.983333333,0.278125,0.425,-1,-1,-0.299716309,0.569193634,1,-0.333333333
-0.475,-0.983333333,0.275,0.429166667,-1,-1,-0.307969678,0.583298791,1,-0.333333333
-0.475,-0.983333333,0.278125,0.425,-1,-1,-0.307146387,0.577529292,1,-0.333333333
-0.475,-0.979166667,0.284375,0.433333333,-1,-1,-0.296104639,0.567420261,1,-0.333333333
-0.471875,-0.975,0.2875,0.433333333,-1,-1,-0.290263281,0.563076928,1,-0.333333333
-0.46875,-0.979166667,0.2875,0.425,-1,-1,-0.286636768,0.558474586,1,-0.333333333
-0.46875,-0.983333333,0.2875,0.416666667,-1,-1,-0.287389014,0.55984307,1,-0.333333333
-0.46875,-0.983333333,0.2875,0.416666667,-1,-1,-0.284948145,0.558745555,1,-0.333333333
-0.46875,-0.9875,0.2875,0.4125,-1,-1,-0.283272656,0.559259995,1,0.333333333
-0.46875,-0.9875,0.2875,0.4125,-1,-1,-0.270416357,0.563176305,1,0.333333333
-0.46875,-0.9875,0.290625,0.408333333,-1,-1,-0.192428662,0.550770407,1,0.333333333
-0.46875,-0.9875,0.2875,0.408333333,-1,-1,-0.189995947,0.551335261,1,0.333333333
-0.465625,-0.9875,0.2875,0.408333333,-1,-1,-0.177575293,0.554246392,1,0.333333333
-0.465625,-0.9875,0.2875,0.408333333,-1,-1,0.112085352,-0.82927124,1,0.333333333
-0.465625,-0.9875,0.2875,0.4125,-1,-1,-0.11834043,0.579632211,1,0.333333333
-0.4625,-0.983333333,0.290625,0.416666667,-1,-1,-0.168603809,0.565519787,1,0.333333333
-0.45625,-0.983333333,0.296875,0.416666667,-1,-1,-0.176291309,0.556490049,1,0.333333333
-0.4625,-0.9875,0.290625,0.408333333,-1,-1,-0.181606494,0.557577056,1,0.333333333
-0.4625,-0.9875,0.290625,0.4125,-1,-1,-0.185019678,0.552879361,1,0.333333333
-0.465625,-0.983333333,0.2875,0.416666667,-1,-1,-0.210741602,0.630718748,1,0.333333333
-0.465625,-0.983333333,0.290625,0.416666667,-1,-1,-0.21435498,0.631723928,1,0.333333333
-0.465625,-0.983333333,0.290625,0.420833333,-1,-1,-0.18557793,0.559793437,1,0.333333333
-0.465625,-0.983333333,0.29375,0.416666667,-1,-1,-0.205643799,0.63016619,1,0.333333333
-0.465625,-0.983333333,0.296875,0.416666667,-1,-1,-0.182543652,0.554206932,1,0.333333333
-0.465625,-0.983333333,0.296875,0.416666667,-1,-1,-0.184116504,0.55144347,1,0.333333333
-0.465625,-0.9875,0.296875,0.408333333,-1,-1,-0.185447412,0.550417275,1,0.333333333
-0.465625,-0.983333333,0.296875,0.4125,-1,-1,-0.212693408,0.630023216,1,0.333333333
-0.465625,-0.983333333,0.296875,0.416666667,-1,-1,-0.18568335,0.550822387,1,0.333333333
-0.465625,-0.983333333,0.29375,0.4125,-1,-1,-0.209950977,0.630586841,1,0.333333333
-0.465625,-0.983333333,0.296875,0.4125,-1,-1,-0.183892773,0.553147424,1,0.333333333
-0.4625,-0.9875,0.3,0.404166667,-1,-1,-0.179625293,0.544967819,1,0.333333333
-0.459375,-0.9875,0.303125,0.404166667,-1,-1,-0.186560986,0.549354637,1,0.333333333
-0.459375,-0.9875,0.303125,0.408333333,-1,-1,-0.183349219,0.55471064,1,0.333333333
-0.459375,-0.9875,0.303125,0.408333333,-1,-1,-0.182792236,0.549094511,1,0.333333333
-0.459375,-0.983333333,0.3,0.408333333,-1,-1,-0.201467773,0.588143485,1,0.333333333
-0.4625,-0.9875,0.3,0.408333333,-1,-1,-0.184031641,0.550373902,1,0.333333333
-0.459375,-0.983333333,0.3,0.4125,-1,-1,-0.187913623,0.556049836,1,0.333333333
-0.4625,-0.9875,0.296875,0.408333333,-1,-1,-0.188059033,0.557841318,1,0.333333333
-0.4625,-0.9875,0.29375,0.4125,-1,-1,-0.185967822,0.556613349,1,0.333333333
-0.4625,-0.983333333,0.29375,0.4125,-1,-1,-0.185511084,0.561178801,1,0.333333333
-0.4625,-0.983333333,0.29375,0.4125,-1,-1,-0.186337451,0.553203988,1,0.333333333
-0.4625,-0.983333333,0.29375,0.416666667,-1,-1,-0.187384131,0.551377852,1,0.333333333
-0.4625,-0.983333333,0.296875,0.4125,-1,-1,-0.188313818,0.558038397,1,0.333333333
-0.4625,-0.983333333,0.296875,0.416666667,-1,-1,-0.189108252,0.553025801,1,0.333333333
-0.4625,-0.983333333,0.3,0.416666667,-1,-1,-0.18409248,0.549672445,1,0.333333333
-0.4625,-0.979166667,0.3,0.420833333,-1,-1,-0.185728516,0.547440078,1,0.333333333
-0.4625,-0.979166667,0.3,0.420833333,-1,-1,-0.182760303,0.546744658,1,0.333333333
-0.4625,-0.979166667,0.303125,0.420833333,-1,-1,-0.181070605,0.544828981,1,1
-0.459375,-0.979166667,0.303125,0.416666667,-1,-1,-0.183091846,0.548293117,1,1
-0.459375,-0.979166667,0.30625,0.416666667,-1,-1,-0.107899414,0.550755539,1,1
-0.4625,-0.979166667,0.303125,0.416666667,-1,-1,-0.106963574,0.547901419,1,1
-0.4625,-0.979166667,0.303125,0.416666667,-1,-1,-0.097945996,0.54243799,1,1
-0.4625,-0.983333333,0.303125,0.4125,-1,-1,-0.096631543,0.541646433,1,1
-0.4625,-0.983333333,0.303125,0.4125,-1,-1,-0.102681738,0.543937823,1,1
-0.4625,-0.983333333,0.303125,0.4125,-1,-1,-0.101643359,0.550173693,1,1
-0.4625,-0.983333333,0.303125,0.4125,-1,-1,-0.090372363,0.539958912,1,1
-0.4625,-0.983333333,0.303125,0.4125,-1,-1,-0.088248828,0.546987121,1,1
-0.4625,-0.983333333,0.303125,0.416666667,-1,-1,-0.092637793,0.54699953,1,1
-0.4625,-0.979166667,0.30625,0.416666667,-1,-1,-0.08958584,0.539209499,1,1
-0.459375,-0.983333333,0.30625,0.4125,-1,-1,-0.088294629,0.545144441,1,1
-0.459375,-0.983333333,0.303125,0.4125,-1,-1,-0.089348828,0.542403895,1,1
-0.459375,-0.983333333,0.303125,0.4125,-1,-1,-0.087587305,0.544475514,1,1
-0.459375,-0.983333333,0.303125,0.4125,-1,-1,-0.088960742,0.541127858,1,1
-0.459375,-0.983333333,0.303125,0.4125,-1,-1,-0.091487988,0.542273776,1,1
-0.459375,-0.983333333,0.3,0.4125,-1,-1,-0.091897949,0.539956229,1,1
-0.4625,-0.983333333,0.296875,0.4125,-1,-1,-0.089058984,0.546444624,1,1
-0.4625,-0.983333333,0.296875,0.4125,-1,-1,-0.091357031,0.546122568,1,1
-0.4625,-0.983333333,0.296875,0.416666667,-1,-1,-0.086839062,0.549403376,1,1
-0.4625,-0.983333333,0.3,0.4125,-1,-1,-0.087190625,0.54592113,1,1
-0.4625,-0.983333333,0.3,0.4125,-1,-1,-0.087866504,0.542867472,1,1
-0.4625,-0.983333333,0.303125,0.4125,-1,-1,-0.086864941,0.537272024,1,1
-0.4625,-0.983333333,0.303125,0.4125,-1,-1,-0.089779883,0.543895456,1,1
-0.4625,-0.979166667,0.303125,0.416666667,-1,-1,-0.085469043,0.544422751,1,1
-0.4625,-0.979166667,0.303125,0.416666667,-1,-1,-0.088447461,0.548397078,1,1
-0.4625,-0.979166667,0.30625,0.416666667,-1,-1,-0.085604004,0.54844917,1,1
-0.4625,-0.979166667,0.30625,0.4125,-1,-1,-0.083602637,0.547049833,1,1
-0.4625,-0.983333333,0.30625,0.408333333,-1,-1,-0.08530332,0.536223136,1,1
-0.4625,-0.983333333,0.30625,0.408333333,-1,-1,-0.084205273,0.54411668,1,1
-0.4625,-0.9875,0.30625,0.404166667,-1,-1,-0.085809473,0.539588006,1,1
-0.4625,-0.9875,0.303125,0.404166667,-1,-1,-0.084021094,0.544187329,1,1
-0.4625,-0.983333333,0.303125,0.404166667,-1,-1,-0.085378223,0.548490419,1,1
-0.459375,-0.983333333,0.30625,0.404166667,-1,-1,-0.092032227,0.543484642,1,1
-0.459375,-0.983333333,0.309375,0.404166667,-1,-1,-0.089609668,0.546786689,1,1
-0.459375,-0.979166667,0.309375,0.4125,-1,-1,-0.095214062,0.549671774,1,1
-0.459375,-0.979166667,0.30625,0.416666667,-1,-1,-0.094673438,0.547948369,1,1
-0.4625,-0.979166667,0.303125,0.416666667,-1,-1,-0.094209375,0.539119734,1,1
-0.4625,-0.979166667,0.303125,0.420833333,-1,-1,-0.080423633,0.55656081,1,1
-0.465625,-0.979166667,0.3,0.416666667,-1,-1,-0.062526563,0.595629011,1,1
-0.4625,-0.983333333,0.303125,0.4125,-1,-1,-0.083106836,0.567071824,1,1
-0.4625,-0.983333333,0.3,0.408333333,-1,-1,-0.081086133,0.569410163,1,1
-0.4625,-0.983333333,0.303125,0.408333333,-1,-1,-0.081814941,0.564751146,1,1
-0.459375,-0.9875,0.303125,0.404166667,-1,-1,-0.101971875,0.615487235,1,1